tenant_code,campus_code,department_code,program_code,academic_year_code,term_code,course_code,section_code,room,schedule_text,status
NCBA,NCBA-02,COLLEGE,,2025-2026,2ND,A132-ITAPPS,AB ENG-LANG 1-AB1_ENGLANG,206,T/TH 07:30AM-10:00AM/07:30AM-10:00AM,OPEN
NCBA,NCBA-02,COLLEGE,,2025-2026,2ND,EC121-HISEL,AB ENG-LANG 1-AB1_ENGLANG,FH-201,M/W 04:00PM-05:30PM/04:00PM-05:30PM,OPEN
NCBA,NCBA-02,COLLEGE,,2025-2026,2ND,EC122-TLLA,AB ENG-LANG 1-AB1_ENGLANG,TBA,T/TH 02:30PM-04:00PM/02:30PM-04:00PM,OPEN
NCBA,NCBA-02,COLLEGE,,2025-2026,2ND,GE105-MATH,AB ENG-LANG 1-AB1_ENGLANG,FH-201,M/W 01:00PM-02:30PM/01:00PM-02:30PM,OPEN
NCBA,NCBA-02,COLLEGE,,2025-2026,2ND,GE122-HIST,AB ENG-LANG 1-AB1_ENGLANG,TBA,S 03:00PM-06:00PM,OPEN
NCBA,NCBA-02,COLLEGE,,2025-2026,2ND,GE122-PATHFIT2,AB ENG-LANG 1-AB1_ENGLANG,TBA,S 01:00PM-03:00PM,OPEN
NCBA,NCBA-02,COLLEGE,,2025-2026,2ND,GE125-PIID,AB ENG-LANG 1-AB1_ENGLANG,FH-201,T/TH 10:30AM-12:00PM/10:30AM-12:00PM,OPEN
NCBA,NCBA-02,COLLEGE,,2025-2026,2ND,LTS2,AB ENG-LANG 1-AB1_ENGLANG,TBA,S 08:00AM-11:00AM,OPEN
NCBA,NCBA-02,COLLEGE,,2025-2026,2ND,EC212-PHILENG,AB ENG-LANG 2-AB2_ENGLANG,FH-203,M/W 07:00PM-08:30PM/07:00PM-08:30PM,OPEN
NCBA,NCBA-02,COLLEGE,,2025-2026,2ND,EC222-ILSC,AB ENG-LANG 2-AB2_ENGLANG,TBA,T/TH 04:00PM-05:30PM/04:00PM-05:30PM,OPEN
NCBA,NCBA-02,COLLEGE,,2025-2026,2ND,EC223-ENGSYN,AB ENG-LANG 2-AB2_ENGLANG,FH-203,M/W 04:00PM-05:30PM/04:00PM-05:30PM,OPEN
NCBA,NCBA-02,COLLEGE,,2025-2026,2ND,EC224-LLT,AB ENG-LANG 2-AB2_ENGLANG,FH-202,M/W 01:00PM-02:30PM/01:00PM-02:30PM,OPEN
NCBA,NCBA-02,COLLEGE,,2025-2026,2ND,EC225-SOE,AB ENG-LANG 2-AB2_ENGLANG,FH-204,T/TH 02:30PM-04:00PM/02:30PM-04:00PM,OPEN
NCBA,NCBA-02,COLLEGE,,2025-2026,2ND,EC316-STYLIS,AB ENG-LANG 2-AB2_ENGLANG,FH-203,M/W 05:30PM-07:00PM/05:30PM-07:00PM,OPEN
NCBA,NCBA-02,COLLEGE,,2025-2026,2ND,GE222-PATHFIT4,AB ENG-LANG 2-AB2_ENGLANG,TBA,TH 10:00AM-12:00PM,OPEN
NCBA,NCBA-02,COLLEGE,,2025-2026,2ND,EC312-FL2,AB ENG-LANG 3-AB3_ENGLANG,FH-202,M/W 10:30AM-12:00PM/10:30AM-12:00PM,OPEN
NCBA,NCBA-02,COLLEGE,,2025-2026,2ND,EC324-LANJOUR,AB ENG-LANG 3-AB3_ENGLANG,FH-206,T/TH 02:30PM-04:00PM/02:30PM-04:00PM,OPEN
NCBA,NCBA-02,COLLEGE,,2025-2026,2ND,EC327-IPELS,AB ENG-LANG 3-AB3_ENGLANG,FH-204,M/W 01:00PM-02:30PM/01:00PM-02:30PM,OPEN
NCBA,NCBA-02,COLLEGE,,2025-2026,2ND,EC412-LR2,AB ENG-LANG 3-AB3_ENGLANG,TBA,T/TH 04:00PM-05:30PM/04:00PM-05:30PM,OPEN
NCBA,NCBA-02,COLLEGE,,2025-2026,2ND,EC427-LAP,AB ENG-LANG 3-AB3_ENGLANG,FH-205,T/TH 05:30PM-07:00PM/05:30PM-07:00PM,OPEN
NCBA,NCBA-02,COLLEGE,,2025-2026,2ND,EC322-LAADV,AB ENG-LANG 4-AB4_ENGLANG,FH-202,T/TH 09:00AM-10:30AM/09:00AM-10:30AM,OPEN
NCBA,NCBA-02,COLLEGE,,2025-2026,2ND,EC324-LANJOUR,AB ENG-LANG 4-AB4_ENGLANG,TBA,T/TH 02:30PM-04:00PM/02:30PM-04:00PM,OPEN
NCBA,NCBA-02,COLLEGE,,2025-2026,2ND,EC421-LAMED,AB ENG-LANG 4-AB4_ENGLANG,FH-202,T/TH 10:30AM-12:00PM/10:30AM-12:00PM,OPEN
NCBA,NCBA-02,COLLEGE,,2025-2026,2ND,ED121-FLCT,BEEd 1-BEED1,FH-201,S 12:00PM-03:00PM,OPEN
NCBA,NCBA-02,COLLEGE,,2025-2026,2ND,EL121-EPP,BEEd 1-BEED1,FH-201,T/TH 02:30PM-04:00PM/02:30PM-04:00PM,OPEN
NCBA,NCBA-02,COLLEGE,,2025-2026,2ND,EL122-GMRC,BEEd 1-BEED1,FH-201,T/TH 01:00PM-02:30PM/01:00PM-02:30PM,OPEN
NCBA,NCBA-02,COLLEGE,,2025-2026,2ND,GE105-MATH,BEEd 1-BEED1,FH-201,M/W 09:00AM-10:30AM/09:00AM-10:30AM,OPEN
NCBA,NCBA-02,COLLEGE,,2025-2026,2ND,GE122-HIST,BEEd 1-BEED1,FH-201,M/W 10:30AM-12:00PM/10:30AM-12:00PM,OPEN
NCBA,NCBA-02,COLLEGE,,2025-2026,2ND,GE122-PATHFIT2,BEEd 1-BEED1,G-301,M 01:00PM-03:00PM,OPEN
NCBA,NCBA-02,COLLEGE,,2025-2026,2ND,GE125-PIID,BEEd 1-BEED1,FH-201,M/W 07:30AM-09:00AM/07:30AM-09:00AM,OPEN
NCBA,NCBA-02,COLLEGE,,2025-2026,2ND,LTS2,BEEd 1-BEED1,TBA,S 08:00AM-11:00AM,OPEN
NCBA,NCBA-02,COLLEGE,,2025-2026,2ND,EL221-CPMT,BEEd 2-BEED2,FH-204,M/W 04:00PM-05:30PM/04:00PM-05:30PM,OPEN
NCBA,NCBA-02,COLLEGE,,2025-2026,2ND,EL222-PFE2,BEEd 2-BEED2,FH-204,T/TH 01:00PM-02:30PM/01:00PM-02:30PM,OPEN
NCBA,NCBA-02,COLLEGE,,2025-2026,2ND,EL223-TMIG,BEEd 2-BEED2,FH-203,M/W 01:00PM-02:30PM/01:00PM-02:30PM,OPEN
NCBA,NCBA-02,COLLEGE,,2025-2026,2ND,EL224-TEEG,BEEd 2-BEED2,FH-204,M/W 05:30PM-07:00PM/05:30PM-07:00PM,OPEN
NCBA,NCBA-02,COLLEGE,,2025-2026,2ND,EL225-TAEG,BEEd 2-BEED2,FH-203,M/W 02:30PM-04:00PM/02:30PM-04:00PM,OPEN
NCBA,NCBA-02,COLLEGE,,2025-2026,2ND,EL226-TSEG,BEEd 2-BEED2,FH-205,T/TH 02:30PM-04:00PM/02:30PM-04:00PM,OPEN
NCBA,NCBA-02,COLLEGE,,2025-2026,2ND,EL2274-TSSEG,BEEd 2-BEED2,FH-204,T/TH 04:00PM-05:30PM/04:00PM-05:30PM,OPEN
NCBA,NCBA-02,COLLEGE,,2025-2026,2ND,GE222-PATHFIT4,BEEd 2-BEED2,TBA,TH 10:00AM-12:00PM,OPEN
NCBA,NCBA-02,COLLEGE,,2025-2026,2ND,ED321-BENL,BEEd 3-BEED3,TBA,M/W 02:30PM-04:00PM/02:30PM-04:00PM,OPEN
NCBA,NCBA-02,COLLEGE,,2025-2026,2ND,ED322-AL2,BEEd 3-BEED3,TBA,S 08:00AM-11:00AM,OPEN
NCBA,NCBA-02,COLLEGE,,2025-2026,2ND,EL321-EPPE,BEEd 3-BEED3,FH-206,M/W 04:00PM-05:30PM/04:00PM-05:30PM,OPEN
NCBA,NCBA-02,COLLEGE,,2025-2026,2ND,EL322-ELECT,BEEd 3-BEED3,FH-208,T/TH 02:30PM-04:00PM/02:30PM-04:00PM,OPEN
NCBA,NCBA-02,COLLEGE,,2025-2026,2ND,EL323-RE,BEEd 3-BEED3,TBA,T/TH 04:00PM-05:30PM/04:00PM-05:30PM,OPEN
NCBA,NCBA-02,COLLEGE,,2025-2026,2ND,EL324-TPEHE,BEEd 3-BEED3,FH-205,M/W 01:00PM-02:30PM/01:00PM-02:30PM,OPEN
NCBA,NCBA-02,COLLEGE,,2025-2026,2ND,EL325-TSEG,BEEd 3-BEED3,FH-206,T/TH 05:30PM-07:00PM/05:30PM-07:00PM,OPEN
NCBA,NCBA-02,COLLEGE,,2025-2026,2ND,ED421-INTERN,BEEd 4-BEED4,FH-201,M/W 06:00PM-09:00PM/06:00PM-09:00PM,OPEN
NCBA,NCBA-02,COLLEGE,,2025-2026,2ND,A132-ITAPPS,BSA 1-BSA_1A,206,M/W 01:30PM-04:00PM/01:30PM-04:00PM,OPEN
NCBA,NCBA-02,COLLEGE,,2025-2026,2ND,AE100-CFAS,BSA 1-BSA_1A,301,M/W 10:30AM-12:00PM/10:30AM-12:00PM,OPEN
NCBA,NCBA-02,COLLEGE,,2025-2026,2ND,AE123-LOC,BSA 1-BSA_1A,301,T/TH 05:30PM-07:00PM/05:30PM-07:00PM,OPEN
NCBA,NCBA-02,COLLEGE,,2025-2026,2ND,GE100-AA,BSA 1-BSA_1A,301,M/W 09:00AM-10:30AM/09:00AM-10:30AM,OPEN
NCBA,NCBA-02,COLLEGE,,2025-2026,2ND,GE122-HIST,BSA 1-BSA_1A,301,T/TH 01:00PM-02:30PM/01:00PM-02:30PM,OPEN
NCBA,NCBA-02,COLLEGE,,2025-2026,2ND,GE122-PATHFIT2,BSA 1-BSA_1A,G-301,T 10:00AM-12:00PM,OPEN
NCBA,NCBA-02,COLLEGE,,2025-2026,2ND,GE125-PIID,BSA 1-BSA_1A,301,T/TH 04:00PM-05:30PM/04:00PM-05:30PM,OPEN
NCBA,NCBA-02,COLLEGE,,2025-2026,2ND,GE214-RIZAL,BSA 1-BSA_1A,301,M/W 07:30AM-09:00AM/07:30AM-09:00AM,OPEN
NCBA,NCBA-02,COLLEGE,,2025-2026,2ND,LTS2,BSA 1-BSA_1A,QUAD,S 08:00AM-11:00AM,OPEN
NCBA,NCBA-02,COLLEGE,,2025-2026,2ND,A132-ITAPPS,BSA 1-BSA_1A_ITAPPS,208,M/W 01:30PM-04:00PM/01:30PM-04:00PM,OPEN
NCBA,NCBA-02,COLLEGE,,2025-2026,2ND,A132-ITAPPS,BSA 1-BSA_1B,206,M/W 07:30AM-10:00AM/07:30AM-10:00AM,OPEN
NCBA,NCBA-02,COLLEGE,,2025-2026,2ND,AE100-CFAS,BSA 1-BSA_1B,302,M/W 01:00PM-02:30PM/01:00PM-02:30PM,OPEN
NCBA,NCBA-02,COLLEGE,,2025-2026,2ND,AE123-LOC,BSA 1-BSA_1B,301,T/TH 07:00PM-08:30PM/07:00PM-08:30PM,OPEN
NCBA,NCBA-02,COLLEGE,,2025-2026,2ND,GE100-AA,BSA 1-BSA_1B,301,M/W 10:30AM-12:00PM/10:30AM-12:00PM,OPEN
NCBA,NCBA-02,COLLEGE,,2025-2026,2ND,GE122-HIST,BSA 1-BSA_1B,302,T/TH 04:00PM-05:30PM/04:00PM-05:30PM,OPEN
NCBA,NCBA-02,COLLEGE,,2025-2026,2ND,GE122-PATHFIT2,BSA 1-BSA_1B,G-301,TH 01:00PM-03:00PM,OPEN
NCBA,NCBA-02,COLLEGE,,2025-2026,2ND,GE125-PIID,BSA 1-BSA_1B,302,M/W 02:30PM-04:00PM/02:30PM-04:00PM,OPEN
NCBA,NCBA-02,COLLEGE,,2025-2026,2ND,GE214-RIZAL,BSA 1-BSA_1B,301,T/TH 10:30AM-12:00PM/10:30AM-12:00PM,OPEN
NCBA,NCBA-02,COLLEGE,,2025-2026,2ND,LTS2,BSA 1-BSA_1B,TBA,S 08:00AM-11:00AM,OPEN
NCBA,NCBA-02,COLLEGE,,2025-2026,2ND,A132-ITAPPS,BSA 1-BSA_1B_ITAPPS,208,M/W 07:30AM-10:00AM/07:30AM-10:00AM,OPEN
NCBA,NCBA-02,COLLEGE,,2025-2026,2ND,A132-ITAPPS,BSA 1-BSA_1C,206,T/TH 01:30PM-04:00PM/01:30PM-04:00PM,OPEN
NCBA,NCBA-02,COLLEGE,,2025-2026,2ND,AE100-CFAS,BSA 1-BSA_1C,302,M/W 02:30PM-04:00PM/02:30PM-04:00PM,OPEN
NCBA,NCBA-02,COLLEGE,,2025-2026,2ND,AE123-LOC,BSA 1-BSA_1C,302,T/TH 05:30PM-07:00PM/05:30PM-07:00PM,OPEN
NCBA,NCBA-02,COLLEGE,,2025-2026,2ND,GE100-AA,BSA 1-BSA_1C,302,M/W 01:00PM-02:30PM/01:00PM-02:30PM,OPEN
NCBA,NCBA-02,COLLEGE,,2025-2026,2ND,GE122-HIST,BSA 1-BSA_1C,302,T/TH 10:30AM-12:00PM/10:30AM-12:00PM,OPEN
NCBA,NCBA-02,COLLEGE,,2025-2026,2ND,GE122-PATHFIT2,BSA 1-BSA_1C,G-301,W 08:00AM-10:00AM,OPEN
NCBA,NCBA-02,COLLEGE,,2025-2026,2ND,GE125-PIID,BSA 1-BSA_1C,303,M/W 10:30AM-12:00PM/10:30AM-12:00PM,OPEN
NCBA,NCBA-02,COLLEGE,,2025-2026,2ND,GE214-RIZAL,BSA 1-BSA_1C,302,M/W 04:00PM-05:30PM/04:00PM-05:30PM,OPEN
NCBA,NCBA-02,COLLEGE,,2025-2026,2ND,LTS2,BSA 1-BSA_1C,TBA,S 08:00AM-11:00AM,OPEN
NCBA,NCBA-02,COLLEGE,,2025-2026,2ND,A132-ITAPPS,BSA 1-BSA_1C_ITAPPS,208,T/TH 01:30PM-04:00PM/01:30PM-04:00PM,OPEN
NCBA,NCBA-02,COLLEGE,,2025-2026,2ND,A132-ITAPPS,BSA 1-BSA_1D,206,T/TH 10:00AM-12:30PM/10:00AM-12:30PM,OPEN
NCBA,NCBA-02,COLLEGE,,2025-2026,2ND,AE100-CFAS,BSA 1-BSA_1D,303,M/W 04:00PM-05:30PM/04:00PM-05:30PM,OPEN
NCBA,NCBA-02,COLLEGE,,2025-2026,2ND,AE123-LOC,BSA 1-BSA_1D,302,T/TH 07:00PM-08:30PM/07:00PM-08:30PM,OPEN
NCBA,NCBA-02,COLLEGE,,2025-2026,2ND,GE100-AA,BSA 1-BSA_1D,303,M/W 01:00PM-02:30PM/01:00PM-02:30PM,OPEN
NCBA,NCBA-02,COLLEGE,,2025-2026,2ND,GE122-HIST,BSA 1-BSA_1D,303,M/W 02:30PM-04:00PM/02:30PM-04:00PM,OPEN
NCBA,NCBA-02,COLLEGE,,2025-2026,2ND,GE125-PIID,BSA 1-BSA_1D,302,T/TH 02:30PM-04:00PM/02:30PM-04:00PM,OPEN
NCBA,NCBA-02,COLLEGE,,2025-2026,2ND,GE214-RIZAL,BSA 1-BSA_1D,302,T/TH 01:00PM-02:30PM/01:00PM-02:30PM,OPEN
NCBA,NCBA-02,COLLEGE,,2025-2026,2ND,LTS2,BSA 1-BSA_1D,TBA,S 08:00AM-11:00AM,OPEN
NCBA,NCBA-02,COLLEGE,,2025-2026,2ND,A132-ITAPPS,BSA 1-BSA_1D_ITAPPS,208,T/TH 10:00AM-12:30PM/10:00AM-12:30PM,OPEN
NCBA,NCBA-02,COLLEGE,,2025-2026,2ND,A132-ITAPPS,BSA 1-BSA_1E,206,F 02:00PM-07:00PM,OPEN
NCBA,NCBA-02,COLLEGE,,2025-2026,2ND,AE100-CFAS,BSA 1-BSA_1E,301,F 08:00AM-11:00AM,OPEN
NCBA,NCBA-02,COLLEGE,,2025-2026,2ND,AE123-LOC,BSA 1-BSA_1E,303,T/TH 05:30PM-07:00PM/05:30PM-07:00PM,OPEN
NCBA,NCBA-02,COLLEGE,,2025-2026,2ND,GE100-AA,BSA 1-BSA_1E,303,T/TH 09:00AM-10:30AM/09:00AM-10:30AM,OPEN
NCBA,NCBA-02,COLLEGE,,2025-2026,2ND,GE122-HIST,BSA 1-BSA_1E,301,S 03:00PM-06:00PM,OPEN
NCBA,NCBA-02,COLLEGE,,2025-2026,2ND,GE122-PATHFIT2,BSA 1-BSA_1E,G-301,S 01:00PM-03:00PM,OPEN
NCBA,NCBA-02,COLLEGE,,2025-2026,2ND,GE125-PIID,BSA 1-BSA_1E,303,T/TH 10:30AM-12:00PM/10:30AM-12:00PM,OPEN
NCBA,NCBA-02,COLLEGE,,2025-2026,2ND,GE214-RIZAL,BSA 1-BSA_1E,301,T/TH 02:30PM-04:00PM/02:30PM-04:00PM,OPEN
NCBA,NCBA-02,COLLEGE,,2025-2026,2ND,LTS2,BSA 1-BSA_1E,TBA,S 08:00AM-11:00AM,OPEN
NCBA,NCBA-02,COLLEGE,,2025-2026,2ND,AE123-LOC,BSA 1-OBLICON_CS,TBA,T/TH 04:00PM-05:30PM/04:00PM-05:30PM,OPEN
NCBA,NCBA-02,COLLEGE,,2025-2026,2ND,AE105-FAR,BSA 1-PETITION_FAR,304,F 09:00AM-12:00PM,OPEN
NCBA,NCBA-02,COLLEGE,,2025-2026,2ND,AE121-CAC,BSA 2-BSA_2A,303,T/TH 04:00PM-05:30PM/04:00PM-05:30PM,OPEN
NCBA,NCBA-02,COLLEGE,,2025-2026,2ND,AE213-IA2,BSA 2-BSA_2A,304,M/W 10:30AM-12:00PM/10:30AM-12:00PM,OPEN
NCBA,NCBA-02,COLLEGE,,2025-2026,2ND,AE223-BT,BSA 2-BSA_2A,304,M/W 01:00PM-02:30PM/01:00PM-02:30PM,OPEN
NCBA,NCBA-02,COLLEGE,,2025-2026,2ND,AE226-RFLI,BSA 2-BSA_2A,304,M/W 02:30PM-04:00PM/02:30PM-04:00PM,OPEN
NCBA,NCBA-02,COLLEGE,,2025-2026,2ND,AE227-SASA,BSA 2-BSA_2A,206,T/TH 06:30PM-09:00PM/06:30PM-09:00PM,OPEN
NCBA,NCBA-02,COLLEGE,,2025-2026,2ND,AE324-ECONDEV,BSA 2-BSA_2A,303,T/TH 02:30PM-04:00PM/02:30PM-04:00PM,OPEN
NCBA,NCBA-02,COLLEGE,,2025-2026,2ND,GE108-PC,BSA 2-BSA_2A,304,T/TH 10:30AM-12:00PM/10:30AM-12:00PM,OPEN
NCBA,NCBA-02,COLLEGE,,2025-2026,2ND,GE222-PATHFIT4,BSA 2-BSA_2A,GYM,F 03:00PM-05:00PM,OPEN
NCBA,NCBA-02,COLLEGE,,2025-2026,2ND,GE223-TCW,BSA 2-BSA_2A,303,T/TH 01:00PM-02:30PM/01:00PM-02:30PM,OPEN
NCBA,NCBA-02,COLLEGE,,2025-2026,2ND,AE227-SASA,BSA 2-BSA_2A_SASA,207,T/TH 06:30PM-09:00PM/06:30PM-09:00PM,OPEN
NCBA,NCBA-02,COLLEGE,,2025-2026,2ND,AE121-CAC,BSA 2-BSA_2B,304,T/TH 05:30PM-07:00PM/05:30PM-07:00PM,OPEN
NCBA,NCBA-02,COLLEGE,,2025-2026,2ND,AE213-IA2,BSA 2-BSA_2B,305,M/W 02:30PM-04:00PM/02:30PM-04:00PM,OPEN
NCBA,NCBA-02,COLLEGE,,2025-2026,2ND,AE223-BT,BSA 2-BSA_2B,305,M/W 10:30AM-12:00PM/10:30AM-12:00PM,OPEN
NCBA,NCBA-02,COLLEGE,,2025-2026,2ND,AE226-RFLI,BSA 2-BSA_2B,304,T/TH 07:00PM-08:30PM/07:00PM-08:30PM,OPEN
NCBA,NCBA-02,COLLEGE,,2025-2026,2ND,AE227-SASA,BSA 2-BSA_2B,206,M/W 06:30PM-09:00PM/06:30PM-09:00PM,OPEN
NCBA,NCBA-02,COLLEGE,,2025-2026,2ND,AE324-ECONDEV,BSA 2-BSA_2B,305,M/W 01:00PM-02:30PM/01:00PM-02:30PM,OPEN
NCBA,NCBA-02,COLLEGE,,2025-2026,2ND,GE108-PC,BSA 2-BSA_2B,304,M/W 09:00AM-10:30AM/09:00AM-10:30AM,OPEN
NCBA,NCBA-02,COLLEGE,,2025-2026,2ND,GE222-PATHFIT4,BSA 2-BSA_2B,GYM,S 08:00AM-10:00AM,OPEN
NCBA,NCBA-02,COLLEGE,,2025-2026,2ND,GE223-TCW,BSA 2-BSA_2B,304,T/TH 04:00PM-05:30PM/04:00PM-05:30PM,OPEN
NCBA,NCBA-02,COLLEGE,,2025-2026,2ND,AE227-SASA,BSA 2-BSA_2B_SASA,207,M/W 06:30PM-09:00PM/06:30PM-09:00PM,OPEN
NCBA,NCBA-02,COLLEGE,,2025-2026,2ND,AE121-CAC,BSA 2-BSA_2C,304,T/TH 01:00PM-02:30PM/01:00PM-02:30PM,OPEN
NCBA,NCBA-02,COLLEGE,,2025-2026,2ND,AE213-IA2,BSA 2-BSA_2C,201,M/W 01:00PM-02:30PM/01:00PM-02:30PM,OPEN
NCBA,NCBA-02,COLLEGE,,2025-2026,2ND,AE223-BT,BSA 2-BSA_2C,201,M/W 02:30PM-04:00PM/02:30PM-04:00PM,OPEN
NCBA,NCBA-02,COLLEGE,,2025-2026,2ND,AE226-RFLI,BSA 2-BSA_2C,201,T/TH 05:30PM-07:00PM/05:30PM-07:00PM,OPEN
NCBA,NCBA-02,COLLEGE,,2025-2026,2ND,AE227-SASA,BSA 2-BSA_2C,206,S 02:00PM-07:00PM,OPEN
NCBA,NCBA-02,COLLEGE,,2025-2026,2ND,AE324-ECONDEV,BSA 2-BSA_2C,304,T/TH 09:00AM-10:30AM/09:00AM-10:30AM,OPEN
NCBA,NCBA-02,COLLEGE,,2025-2026,2ND,GE108-PC,BSA 2-BSA_2C,303,S 08:00AM-11:00AM,OPEN
NCBA,NCBA-02,COLLEGE,,2025-2026,2ND,GE222-PATHFIT4,BSA 2-BSA_2C,GYM,W 10:00AM-12:00PM,OPEN
NCBA,NCBA-02,COLLEGE,,2025-2026,2ND,GE223-TCW,BSA 2-BSA_2C,201,M/W 04:00PM-05:30PM/04:00PM-05:30PM,OPEN
NCBA,NCBA-02,COLLEGE,,2025-2026,2ND,AE223-BT,BSA 2-BUSINESS TAX,304,S 03:00PM-06:00PM,OPEN
NCBA,NCBA-02,COLLEGE,,2025-2026,2ND,AE213-IA2,BSA 2-IA2_CS,TBA,M/W 07:00PM-08:30PM/07:00PM-08:30PM,OPEN
NCBA,NCBA-02,COLLEGE,,2025-2026,2ND,AE213-IA2,BSA 2-IA2_CS_2B,TBA,S 12:00PM-03:00PM,OPEN
NCBA,NCBA-02,COLLEGE,,2025-2026,2ND,AE213-IA2,BSA 2-IA2_CS_2C,TBA,M/W 05:30PM-07:00PM/05:30PM-07:00PM,OPEN
NCBA,NCBA-02,COLLEGE,,2025-2026,2ND,AE122-IA1,BSA 2-PETITION_IA1,305,M/W 05:30PM-07:00PM/05:30PM-07:00PM,OPEN
NCBA,NCBA-02,COLLEGE,,2025-2026,2ND,AE311-TAX,BSA 2-PETITION_INCOME TAX,302,F 12:00PM-03:00PM,OPEN
NCBA,NCBA-02,COLLEGE,,2025-2026,2ND,AE214-SCM,BSA 3-BSA_3A,301,S 08:00AM-11:00AM,OPEN
NCBA,NCBA-02,COLLEGE,,2025-2026,2ND,AE231-PMTA,BSA 3-BSA_3A,305,T/TH 05:30PM-07:00PM/05:30PM-07:00PM,OPEN
NCBA,NCBA-02,COLLEGE,,2025-2026,2ND,AE232-SBA,BSA 3-BSA_3A,301,M/W 05:30PM-07:00PM/05:30PM-07:00PM,OPEN
NCBA,NCBA-02,COLLEGE,,2025-2026,2ND,AE233-VCM,BSA 3-BSA_3A,302,F 08:00AM-11:00AM,OPEN
NCBA,NCBA-02,COLLEGE,,2025-2026,2ND,AE312-BUSCOM,BSA 3-BSA_3A,301,M/W 04:00PM-05:30PM/04:00PM-05:30PM,OPEN
NCBA,NCBA-02,COLLEGE,,2025-2026,2ND,AE322-ACA2,BSA 3-BSA_3A,301,M/W 07:00PM-08:30PM/07:00PM-08:30PM,OPEN
NCBA,NCBA-02,COLLEGE,,2025-2026,2ND,AE325-GBERMIC,BSA 3-BSA_3A,305,T/TH 07:00PM-08:30PM/07:00PM-08:30PM,OPEN
NCBA,NCBA-02,COLLEGE,,2025-2026,2ND,GE212-ETHICS,BSA 3-BSA_3A,305,T/TH 04:00PM-05:30PM/04:00PM-05:30PM,OPEN
NCBA,NCBA-02,COLLEGE,,2025-2026,2ND,GE213-FIL3,BSA 3-BSA_3A,304,T/TH 02:30PM-04:00PM/02:30PM-04:00PM,OPEN
NCBA,NCBA-02,COLLEGE,,2025-2026,2ND,AE214-SCM,BSA 3-BSA_3B,301,S 12:00PM-03:00PM,OPEN
NCBA,NCBA-02,COLLEGE,,2025-2026,2ND,AE231-PMTA,BSA 3-BSA_3B,306,F 03:00PM-06:00PM,OPEN
NCBA,NCBA-02,COLLEGE,,2025-2026,2ND,AE232-SBA,BSA 3-BSA_3B,306,M/W 04:00PM-05:30PM/04:00PM-05:30PM,OPEN
NCBA,NCBA-02,COLLEGE,,2025-2026,2ND,AE233-VCM,BSA 3-BSA_3B,301,F 12:00PM-03:00PM,OPEN
NCBA,NCBA-02,COLLEGE,,2025-2026,2ND,AE312-BUSCOM,BSA 3-BSA_3B,306,M/W 01:00PM-02:30PM/01:00PM-02:30PM,OPEN
NCBA,NCBA-02,COLLEGE,,2025-2026,2ND,AE322-ACA2,BSA 3-BSA_3B,306,M/W 07:00PM-08:30PM/07:00PM-08:30PM,OPEN
NCBA,NCBA-02,COLLEGE,,2025-2026,2ND,AE325-GBERMIC,BSA 3-BSA_3B,306,T/TH 05:30PM-07:00PM/05:30PM-07:00PM,OPEN
NCBA,NCBA-02,COLLEGE,,2025-2026,2ND,GE212-ETHICS,BSA 3-BSA_3B,306,M/W 05:30PM-07:00PM/05:30PM-07:00PM,OPEN
NCBA,NCBA-02,COLLEGE,,2025-2026,2ND,GE213-FIL3,BSA 3-BSA_3B,306,M/W 02:30PM-04:00PM/02:30PM-04:00PM,OPEN
NCBA,NCBA-02,COLLEGE,,2025-2026,2ND,AE312-BUSCOM,BSA 3-BUSCOM_CS,TBA,M/W 09:00AM-10:30AM/09:00AM-10:30AM,OPEN
NCBA,NCBA-02,COLLEGE,,2025-2026,2ND,AE313-ACAI,BSA 3-PETITION_ACA1,301,F 06:00PM-09:00PM,OPEN
NCBA,NCBA-02,COLLEGE,,2025-2026,2ND,BA211-SM,BSA 3-PETITION_BA211SM,202,M/W 01:00PM-02:30PM/01:00PM-02:30PM,OPEN
NCBA,NCBA-02,COLLEGE,,2025-2026,2ND,AE415-IAA,BSA 4-AUDITING INTEG,302,F 06:00PM-09:00PM,OPEN
NCBA,NCBA-02,COLLEGE,,2025-2026,2ND,AE411-ACR,BSA 4-BSA_4A,302,S 08:00AM-11:00AM,OPEN
NCBA,NCBA-02,COLLEGE,,2025-2026,2ND,AE412-ACI,BSA 4-BSA_4A,304,M/W 06:00PM-09:00PM/06:00PM-09:00PM,OPEN
NCBA,NCBA-02,COLLEGE,,2025-2026,2ND,AE411-ACR,BSA 4-BSA_4B,302,S 12:00PM-03:00PM,OPEN
NCBA,NCBA-02,COLLEGE,,2025-2026,2ND,AE412-ACI,BSA 4-BSA_4B,TBA,T/TH 06:00PM-09:00PM/06:00PM-09:00PM,OPEN
NCBA,NCBA-02,COLLEGE,,2025-2026,2ND,AE414-ISCFM,BSA 4-STRATEGIC COST INTEG,303,S 03:00PM-06:00PM,OPEN
NCBA,NCBA-02,COLLEGE,,2025-2026,2ND,AE417-IIBT,BSA 4-TAX INTEGRATED,303,S 06:00PM-09:00PM,OPEN
NCBA,NCBA-02,COLLEGE,,2025-2026,2ND,AE427-UFAS,BSA 4-UFAS,303,S 12:00PM-03:00PM,OPEN
NCBA,NCBA-02,COLLEGE,,2025-2026,2ND,BA121-GGSR,BSBA HRM 1-BSBA1_HRM,FH-206,T/TH 10:30AM-12:00PM/10:30AM-12:00PM,OPEN
NCBA,NCBA-02,COLLEGE,,2025-2026,2ND,BA122-HRM,BSBA HRM 1-BSBA1_HRM,FH-206,T/TH 09:00AM-10:30AM/09:00AM-10:30AM,OPEN
NCBA,NCBA-02,COLLEGE,,2025-2026,2ND,CWS2,BSBA HRM 1-BSBA1_HRM,TBA,S 12:00PM-03:00PM,OPEN
NCBA,NCBA-02,COLLEGE,,2025-2026,2ND,GE103-FIL,BSBA HRM 1-BSBA1_HRM,FH-209,M/W 04:00PM-05:30PM/04:00PM-05:30PM,OPEN
NCBA,NCBA-02,COLLEGE,,2025-2026,2ND,GE109-STS,BSBA HRM 1-BSBA1_HRM,FH-207,M/W 01:00PM-02:30PM/01:00PM-02:30PM,OPEN
NCBA,NCBA-02,COLLEGE,,2025-2026,2ND,GE110-UTS,BSBA HRM 1-BSBA1_HRM,FH-207,M/W 02:30PM-04:00PM/02:30PM-04:00PM,OPEN
NCBA,NCBA-02,COLLEGE,,2025-2026,2ND,GE122-PATHFIT2,BSBA HRM 1-BSBA1_HRM,GYM,M 10:00AM-12:00PM,OPEN
NCBA,NCBA-02,COLLEGE,,2025-2026,2ND,BA123-IBAT,BSBA HRM 2-BSBA2_HRM,FH-209,T/TH 04:00PM-05:30PM/04:00PM-05:30PM,OPEN
NCBA,NCBA-02,COLLEGE,,2025-2026,2ND,BA311-ELECT1G,BSBA HRM 2-BSBA2_HRM,FH-209,T/TH 05:30PM-07:00PM/05:30PM-07:00PM,OPEN
NCBA,NCBA-02,COLLEGE,,2025-2026,2ND,BA321-ELECT2A,BSBA HRM 2-BSBA2_HRM,FH-208,M/W 01:00PM-02:30PM/01:00PM-02:30PM,OPEN
NCBA,NCBA-02,COLLEGE,,2025-2026,2ND,GE105-MATH,BSBA HRM 2-BSBA2_HRM,FH-209,M/W 02:30PM-04:00PM/02:30PM-04:00PM,OPEN
NCBA,NCBA-02,COLLEGE,,2025-2026,2ND,GE222-PATHFIT4,BSBA HRM 2-BSBA2_HRM,G-302,S 01:00PM-03:00PM,OPEN
NCBA,NCBA-02,COLLEGE,,2025-2026,2ND,HR222-LLL,BSBA HRM 2-BSBA2_HRM,FH-206,S 08:00AM-11:00AM,OPEN
NCBA,NCBA-02,COLLEGE,,2025-2026,2ND,HR311-RAS,BSBA HRM 2-BSBA2_HRM,FH-305,M/W 04:00PM-05:30PM/04:00PM-05:30PM,OPEN
NCBA,NCBA-02,COLLEGE,,2025-2026,2ND,AE311-TAX,BSBA HRM 3-BA3_HRM,TBA,S 12:00PM-03:00PM,OPEN
NCBA,NCBA-02,COLLEGE,,2025-2026,2ND,BA411-ELECT3J,BSBA HRM 3-BA3_HRM,FH-203,S 06:00PM-09:00PM,OPEN
NCBA,NCBA-02,COLLEGE,,2025-2026,2ND,HR322-LRN,BSBA HRM 3-BA3_HRM,FH-203,S 03:00PM-06:00PM,OPEN
NCBA,NCBA-02,COLLEGE,,2025-2026,2ND,HR323-ORGDEV,BSBA HRM 3-BA3_HRM,FH-304,M/W 04:00PM-05:30PM/04:00PM-05:30PM,OPEN
NCBA,NCBA-02,COLLEGE,,2025-2026,2ND,HR411-STHRM,BSBA HRM 3-BA3_HRM,FH-304,M/W 02:30PM-04:00PM/02:30PM-04:00PM,OPEN
NCBA,NCBA-02,COLLEGE,,2025-2026,2ND,MM412-IMC,BSBA HRM 3-BA3_HRM,TBA,F 03:00PM-06:00PM,OPEN
NCBA,NCBA-02,COLLEGE,,2025-2026,2ND,BA421-INTERN,BSBA HRM 4-BSBA4_HRM,FH-208,M/W 06:00PM-09:00PM/06:00PM-09:00PM,OPEN
NCBA,NCBA-02,COLLEGE,,2025-2026,2ND,AE418-EIB,BSBA HRM 4-EIB,FH-207,S 08:00AM-11:00AM,OPEN
NCBA,NCBA-02,COLLEGE,,2025-2026,2ND,BA121-GGSR,BSBA-FM 1-BSBA1_FMA,FH-202,S 12:00PM-03:00PM,OPEN
NCBA,NCBA-02,COLLEGE,,2025-2026,2ND,BA122-HRM,BSBA-FM 1-BSBA1_FMA,FH-202,T/TH 01:00PM-02:30PM/01:00PM-02:30PM,OPEN
NCBA,NCBA-02,COLLEGE,,2025-2026,2ND,GE103-FIL,BSBA-FM 1-BSBA1_FMA,FH-202,S 03:00PM-06:00PM,OPEN
NCBA,NCBA-02,COLLEGE,,2025-2026,2ND,GE109-STS,BSBA-FM 1-BSBA1_FMA,FH-205,T/TH 09:00AM-10:30AM/09:00AM-10:30AM,OPEN
NCBA,NCBA-02,COLLEGE,,2025-2026,2ND,GE110-UTS,BSBA-FM 1-BSBA1_FMA,FH-205,T/TH 07:30AM-09:00AM/07:30AM-09:00AM,OPEN
NCBA,NCBA-02,COLLEGE,,2025-2026,2ND,GE122-PATHFIT2,BSBA-FM 1-BSBA1_FMA,GYM,F 10:00AM-12:00PM,OPEN
NCBA,NCBA-02,COLLEGE,,2025-2026,2ND,LTS2,BSBA-FM 1-BSBA1_FMA,TBA,S 08:00AM-11:00AM,OPEN
NCBA,NCBA-02,COLLEGE,,2025-2026,2ND,BA121-GGSR,BSBA-FM 1-BSBA1_FMB,FH-206,T/TH 04:00PM-05:30PM/04:00PM-05:30PM,OPEN
NCBA,NCBA-02,COLLEGE,,2025-2026,2ND,BA122-HRM,BSBA-FM 1-BSBA1_FMB,FH-201,F 08:00AM-11:00AM,OPEN
NCBA,NCBA-02,COLLEGE,,2025-2026,2ND,CWS2,BSBA-FM 1-BSBA1_FMB,TBA,S 12:00PM-03:00PM,OPEN
NCBA,NCBA-02,COLLEGE,,2025-2026,2ND,GE103-FIL,BSBA-FM 1-BSBA1_FMB,FH-303,M/W 02:30PM-04:00PM/02:30PM-04:00PM,OPEN
NCBA,NCBA-02,COLLEGE,,2025-2026,2ND,GE109-STS,BSBA-FM 1-BSBA1_FMB,FH-303,M/W 04:00PM-05:30PM/04:00PM-05:30PM,OPEN
NCBA,NCBA-02,COLLEGE,,2025-2026,2ND,GE110-UTS,BSBA-FM 1-BSBA1_FMB,FH-305,T/TH 02:30PM-04:00PM/02:30PM-04:00PM,OPEN
NCBA,NCBA-02,COLLEGE,,2025-2026,2ND,GE122-PATHFIT2,BSBA-FM 1-BSBA1_FMB,G-301,S 10:00AM-12:00PM,OPEN
NCBA,NCBA-02,COLLEGE,,2025-2026,2ND,BA123-IBAT,BSBA-FM 2-BSBA2_FMA,FH-207,M/W 09:00AM-10:30AM/09:00AM-10:30AM,OPEN
NCBA,NCBA-02,COLLEGE,,2025-2026,2ND,BA311-ELECT1G,BSBA-FM 2-BSBA2_FMA,FH-208,T/TH 04:00PM-05:30PM/04:00PM-05:30PM,OPEN
NCBA,NCBA-02,COLLEGE,,2025-2026,2ND,BA321-ELECT2L,BSBA-FM 2-BSBA2_FMA,FH-207,M/W 10:30AM-12:00PM/10:30AM-12:00PM,OPEN
NCBA,NCBA-02,COLLEGE,,2025-2026,2ND,FM221-BAFI,BSBA-FM 2-BSBA2_FMA,FH-206,T/TH 01:00PM-02:30PM/01:00PM-02:30PM,OPEN
NCBA,NCBA-02,COLLEGE,,2025-2026,2ND,FM321-CAC,BSBA-FM 2-BSBA2_FMA,FH-306,T/TH 02:30PM-04:00PM/02:30PM-04:00PM,OPEN
NCBA,NCBA-02,COLLEGE,,2025-2026,2ND,GE105-MATH,BSBA-FM 2-BSBA2_FMA,FH-207,M/W 07:30AM-09:00AM/07:30AM-09:00AM,OPEN
NCBA,NCBA-02,COLLEGE,,2025-2026,2ND,GE222-PATHFIT4,BSBA-FM 2-BSBA2_FMA,G-302,S 10:00AM-12:00PM,OPEN
NCBA,NCBA-02,COLLEGE,,2025-2026,2ND,AE311-TAX,BSBA-FM 3-BSBA3_FMA,FH-207,S 12:00PM-03:00PM,OPEN
NCBA,NCBA-02,COLLEGE,,2025-2026,2ND,BA411-ELECT3J,BSBA-FM 3-BSBA3_FMA,FH-206,M/W 01:00PM-02:30PM/01:00PM-02:30PM,OPEN
NCBA,NCBA-02,COLLEGE,,2025-2026,2ND,FM212-FINMGT,BSBA-FM 3-BSBA3_FMA,FH-205,M/W 02:30PM-04:00PM/02:30PM-04:00PM,OPEN
NCBA,NCBA-02,COLLEGE,,2025-2026,2ND,FM321-CM,BSBA-FM 3-BSBA3_FMA,FH-205,T/TH 10:30AM-12:00PM/10:30AM-12:00PM,OPEN
NCBA,NCBA-02,COLLEGE,,2025-2026,2ND,FM411-STFM,BSBA-FM 3-BSBA3_FMA,FH-207,T/TH 01:00PM-02:30PM/01:00PM-02:30PM,OPEN
NCBA,NCBA-02,COLLEGE,,2025-2026,2ND,MM412-IMC,BSBA-FM 3-BSBA3_FMA,FH-203,F 12:00PM-03:00PM,OPEN
NCBA,NCBA-02,COLLEGE,,2025-2026,2ND,GE104-FIL,BSBA-FM 3-PETITION_GE104FIL,FH-208,M/W 05:30PM-07:00PM/05:30PM-07:00PM,OPEN
NCBA,NCBA-02,COLLEGE,,2025-2026,2ND,BA221-RSRCH,BSBA-FM 3-PETITION_RESEARCH,FH-207,M/W 07:00PM-08:30PM/07:00PM-08:30PM,OPEN
NCBA,NCBA-02,COLLEGE,,2025-2026,2ND,BA421-INTERN,BSBA-FM 4-BSBA4_FM,TBA,M/W 06:00PM-09:00PM/06:00PM-09:00PM,OPEN
NCBA,NCBA-02,COLLEGE,,2025-2026,2ND,AE419-BIA,BSBA-FM 4-PETITION_BIA,210,F 08:00AM-01:00PM,OPEN
NCBA,NCBA-02,COLLEGE,,2025-2026,2ND,BA121-GGSR,BSBA-MM 1-BSBA1_MMA,FH-205,T/TH 01:00PM-02:30PM/01:00PM-02:30PM,OPEN
NCBA,NCBA-02,COLLEGE,,2025-2026,2ND,BA122-HRM,BSBA-MM 1-BSBA1_MMA,FH-304,T/TH 02:30PM-04:00PM/02:30PM-04:00PM,OPEN
NCBA,NCBA-02,COLLEGE,,2025-2026,2ND,CWS2,BSBA-MM 1-BSBA1_MMA,TBA,S 12:00PM-03:00PM,OPEN
NCBA,NCBA-02,COLLEGE,,2025-2026,2ND,GE103-FIL,BSBA-MM 1-BSBA1_MMA,FH-203,M/W 07:30AM-09:00AM/07:30AM-09:00AM,OPEN
NCBA,NCBA-02,COLLEGE,,2025-2026,2ND,GE109-STS,BSBA-MM 1-BSBA1_MMA,FH-206,M/W 09:00AM-10:30AM/09:00AM-10:30AM,OPEN
NCBA,NCBA-02,COLLEGE,,2025-2026,2ND,GE110-UTS,BSBA-MM 1-BSBA1_MMA,FH-206,M/W 10:30AM-12:00PM/10:30AM-12:00PM,OPEN
NCBA,NCBA-02,COLLEGE,,2025-2026,2ND,GE122-PATHFIT2,BSBA-MM 1-BSBA1_MMA,G-301,S 08:00AM-10:00AM,OPEN
NCBA,NCBA-02,COLLEGE,,2025-2026,2ND,BA121-GGSR,BSBA-MM 1-BSBA1_MMB,TBA,T/TH 04:00PM-05:30PM/04:00PM-05:30PM,OPEN
NCBA,NCBA-02,COLLEGE,,2025-2026,2ND,BA122-HRM,BSBA-MM 1-BSBA1_MMB,TBA,F 08:00AM-11:00AM,OPEN
NCBA,NCBA-02,COLLEGE,,2025-2026,2ND,CWS2,BSBA-MM 1-BSBA1_MMB,TBA,S 12:00PM-03:00PM,OPEN
NCBA,NCBA-02,COLLEGE,,2025-2026,2ND,GE103-FIL,BSBA-MM 1-BSBA1_MMB,TBA,M/W 02:30PM-04:00PM/02:30PM-04:00PM,OPEN
NCBA,NCBA-02,COLLEGE,,2025-2026,2ND,GE109-STS,BSBA-MM 1-BSBA1_MMB,TBA,M/W 04:00PM-05:30PM/04:00PM-05:30PM,OPEN
NCBA,NCBA-02,COLLEGE,,2025-2026,2ND,GE110-UTS,BSBA-MM 1-BSBA1_MMB,TBA,T/TH 02:30PM-04:00PM/02:30PM-04:00PM,OPEN
NCBA,NCBA-02,COLLEGE,,2025-2026,2ND,GE122-PATHFIT2,BSBA-MM 1-BSBA1_MMB,TBA,S 10:00AM-12:00PM,OPEN
NCBA,NCBA-02,COLLEGE,,2025-2026,2ND,BA123-IBAT,BSBA-MM 2-BSBA2_MMA,FH-206,M/W 05:30PM-07:00PM/05:30PM-07:00PM,OPEN
NCBA,NCBA-02,COLLEGE,,2025-2026,2ND,BA311-ELECT1G,BSBA-MM 2-BSBA2_MMA,FH-207,T/TH 10:30AM-12:00PM/10:30AM-12:00PM,OPEN
NCBA,NCBA-02,COLLEGE,,2025-2026,2ND,BA321-ELECT2L,BSBA-MM 2-BSBA2_MMA,FH-206,S 12:00PM-03:00PM,OPEN
NCBA,NCBA-02,COLLEGE,,2025-2026,2ND,GE105-MATH,BSBA-MM 2-BSBA2_MMA,FH-207,T/TH 09:00AM-10:30AM/09:00AM-10:30AM,OPEN
NCBA,NCBA-02,COLLEGE,,2025-2026,2ND,GE222-PATHFIT4,BSBA-MM 2-BSBA2_MMA,G-302,S 10:00AM-12:00PM,OPEN
NCBA,NCBA-02,COLLEGE,,2025-2026,2ND,MM211-MKTGRES,BSBA-MM 2-BSBA2_MMA,FH-206,S 03:00PM-06:00PM,OPEN
NCBA,NCBA-02,COLLEGE,,2025-2026,2ND,MM312-PRODMGT,BSBA-MM 2-BSBA2_MMA,FH-206,M/W 07:00PM-08:30PM/07:00PM-08:30PM,OPEN
NCBA,NCBA-02,COLLEGE,,2025-2026,2ND,AE311-TAX,BSBA-MM 3-BSBA3_MMA,FH-201,S 03:00PM-06:00PM,OPEN
NCBA,NCBA-02,COLLEGE,,2025-2026,2ND,BA411-ELECT3J,BSBA-MM 3-BSBA3_MMA,FH-201,S 06:00PM-09:00PM,OPEN
NCBA,NCBA-02,COLLEGE,,2025-2026,2ND,MM322-DISMGT,BSBA-MM 3-BSBA3_MMA,FH-203,F 06:00PM-09:00PM,OPEN
NCBA,NCBA-02,COLLEGE,,2025-2026,2ND,MM322-PRICSTRA,BSBA-MM 3-BSBA3_MMA,FH-208,M/W 09:00AM-10:30AM/09:00AM-10:30AM,OPEN
NCBA,NCBA-02,COLLEGE,,2025-2026,2ND,MM411-RETMGT,BSBA-MM 3-BSBA3_MMA,FH-208,M/W 10:30AM-12:00PM/10:30AM-12:00PM,OPEN
NCBA,NCBA-02,COLLEGE,,2025-2026,2ND,MM412-IMC,BSBA-MM 3-BSBA3_MMA,FH-203,F 03:00PM-06:00PM,OPEN
NCBA,NCBA-02,COLLEGE,,2025-2026,2ND,BA421-INTERN,BSBA-MM 4-BSBA4_MM,TBA,T/TH 06:00PM-09:00PM/06:00PM-09:00PM,OPEN
NCBA,NCBA-02,COLLEGE,,2025-2026,2ND,BA121-GGSR,BSBA-OM 1-BSBA1_OM,TBA,T/TH 10:30AM-12:00PM/10:30AM-12:00PM,OPEN
NCBA,NCBA-02,COLLEGE,,2025-2026,2ND,BA122-HRM,BSBA-OM 1-BSBA1_OM,TBA,T/TH 09:00AM-10:30AM/09:00AM-10:30AM,OPEN
NCBA,NCBA-02,COLLEGE,,2025-2026,2ND,CWS2,BSBA-OM 1-BSBA1_OM,TBA,S 12:00PM-03:00PM,OPEN
NCBA,NCBA-02,COLLEGE,,2025-2026,2ND,GE103-FIL,BSBA-OM 1-BSBA1_OM,TBA,M/W 04:00PM-05:30PM/04:00PM-05:30PM,OPEN
NCBA,NCBA-02,COLLEGE,,2025-2026,2ND,GE109-STS,BSBA-OM 1-BSBA1_OM,TBA,M/W 01:00PM-02:30PM/01:00PM-02:30PM,OPEN
NCBA,NCBA-02,COLLEGE,,2025-2026,2ND,GE110-UTS,BSBA-OM 1-BSBA1_OM,TBA,M/W 02:30PM-04:00PM/02:30PM-04:00PM,OPEN
NCBA,NCBA-02,COLLEGE,,2025-2026,2ND,GE122-PATHFIT2,BSBA-OM 1-BSBA1_OM,TBA,M/W 10:00AM-12:00PM/10:00AM-12:00PM,OPEN
NCBA,NCBA-02,COLLEGE,,2025-2026,2ND,BA123-IBAT,BSBA-OM 2-BSBA2_OM,TBA,T/TH 04:00PM-05:30PM/04:00PM-05:30PM,OPEN
NCBA,NCBA-02,COLLEGE,,2025-2026,2ND,BA311-ELECT1G,BSBA-OM 2-BSBA2_OM,TBA,T/TH 05:30PM-07:00PM/05:30PM-07:00PM,OPEN
NCBA,NCBA-02,COLLEGE,,2025-2026,2ND,BA321-ELECT2A,BSBA-OM 2-BSBA2_OM,TBA,M/W 01:00PM-02:30PM/01:00PM-02:30PM,OPEN
NCBA,NCBA-02,COLLEGE,,2025-2026,2ND,GE105-MATH,BSBA-OM 2-BSBA2_OM,TBA,M/W 02:30PM-04:00PM/02:30PM-04:00PM,OPEN
NCBA,NCBA-02,COLLEGE,,2025-2026,2ND,GE222-PATHFIT4,BSBA-OM 2-BSBA2_OM,TBA,S 01:00PM-03:00PM,OPEN
NCBA,NCBA-02,COLLEGE,,2025-2026,2ND,OM211-EMS,BSBA-OM 2-BSBA2_OM,FH-202,S 06:00PM-09:00PM,OPEN
NCBA,NCBA-02,COLLEGE,,2025-2026,2ND,OM221-IMAC,BSBA-OM 2-BSBA2_OM,FH-201,T/TH 07:00PM-08:30PM/07:00PM-08:30PM,OPEN
NCBA,NCBA-02,COLLEGE,,2025-2026,2ND,AE311-TAX,BSBA-OM 3-BSBA3_OM,TBA,S 03:00PM-06:00PM,OPEN
NCBA,NCBA-02,COLLEGE,,2025-2026,2ND,BA411-ELECT3J,BSBA-OM 3-BSBA3_OM,TBA,M/W 01:00PM-02:30PM/01:00PM-02:30PM,OPEN
NCBA,NCBA-02,COLLEGE,,2025-2026,2ND,MM412-IMC,BSBA-OM 3-BSBA3_OM,TBA,F 12:00PM-03:00PM,OPEN
NCBA,NCBA-02,COLLEGE,,2025-2026,2ND,OM311-CAP,BSBA-OM 3-BSBA3_OM,FH-302,M/W 10:30AM-12:00PM/10:30AM-12:00PM,OPEN
NCBA,NCBA-02,COLLEGE,,2025-2026,2ND,OM322-LM,BSBA-OM 3-BSBA3_OM,FH-205,S 08:00AM-11:00AM,OPEN
NCBA,NCBA-02,COLLEGE,,2025-2026,2ND,OM411-STOM,BSBA-OM 3-BSBA3_OM,FH-305,M/W 02:30PM-04:00PM/02:30PM-04:00PM,OPEN
NCBA,NCBA-02,COLLEGE,,2025-2026,2ND,BA421-INTERN,BSBA-OM 4-BSBA4_OM,TBA,T/TH 06:00PM-09:00PM/06:00PM-09:00PM,OPEN
NCBA,NCBA-02,COLLEGE,,2025-2026,2ND,ED121-FLCT,BSED-ENGLISH 1-BSED1_ENGLISH,TBA,S 12:00PM-03:00PM,OPEN
NCBA,NCBA-02,COLLEGE,,2025-2026,2ND,EE121-LCS,BSED-ENGLISH 1-BSED1_ENGLISH,FH-202,T/TH 04:00PM-05:30PM/04:00PM-05:30PM,OPEN
NCBA,NCBA-02,COLLEGE,,2025-2026,2ND,EE122-PTLAL,BSED-ENGLISH 1-BSED1_ENGLISH,FH-202,T/TH 02:30PM-04:00PM/02:30PM-04:00PM,OPEN
NCBA,NCBA-02,COLLEGE,,2025-2026,2ND,GE105-MATH,BSED-ENGLISH 1-BSED1_ENGLISH,TBA,M/W 09:00AM-10:30AM/09:00AM-10:30AM,OPEN
NCBA,NCBA-02,COLLEGE,,2025-2026,2ND,GE122-HIST,BSED-ENGLISH 1-BSED1_ENGLISH,TBA,M/W 10:30AM-12:00PM/10:30AM-12:00PM,OPEN
NCBA,NCBA-02,COLLEGE,,2025-2026,2ND,GE122-PATHFIT2,BSED-ENGLISH 1-BSED1_ENGLISH,TBA,M 01:00PM-03:00PM,OPEN
NCBA,NCBA-02,COLLEGE,,2025-2026,2ND,GE125-PIID,BSED-ENGLISH 1-BSED1_ENGLISH,TBA,M/W 07:30AM-09:00AM/07:30AM-09:00AM,OPEN
NCBA,NCBA-02,COLLEGE,,2025-2026,2ND,LTS2,BSED-ENGLISH 1-BSED1_ENGLISH,TBA,S 08:00AM-11:00AM,OPEN
NCBA,NCBA-02,COLLEGE,,2025-2026,2ND,EE223-LPPMS,BSED-ENGLISH 2-BSED2_ENGLISH,FH-202,M/W 02:30PM-04:00PM/02:30PM-04:00PM,OPEN
NCBA,NCBA-02,COLLEGE,,2025-2026,2ND,EE223-SPA,BSED-ENGLISH 2-BSED2_ENGLISH,FH-203,T/TH 05:30PM-07:00PM/05:30PM-07:00PM,OPEN
NCBA,NCBA-02,COLLEGE,,2025-2026,2ND,EE224-SEAL,BSED-ENGLISH 2-BSED2_ENGLISH,FH-202,M/W 04:00PM-05:30PM/04:00PM-05:30PM,OPEN
NCBA,NCBA-02,COLLEGE,,2025-2026,2ND,EE224-SPLE,BSED-ENGLISH 2-BSED2_ENGLISH,FH-203,T/TH 02:30PM-04:00PM/02:30PM-04:00PM,OPEN
NCBA,NCBA-02,COLLEGE,,2025-2026,2ND,EE226-TAM,BSED-ENGLISH 2-BSED2_ENGLISH,FH-203,T/TH 04:00PM-05:30PM/04:00PM-05:30PM,OPEN
NCBA,NCBA-02,COLLEGE,,2025-2026,2ND,EE227-TAG,BSED-ENGLISH 2-BSED2_ENGLISH,FH-202,M/W 05:30PM-07:00PM/05:30PM-07:00PM,OPEN
NCBA,NCBA-02,COLLEGE,,2025-2026,2ND,EE322-CW,BSED-ENGLISH 2-BSED2_ENGLISH,FH-203,T/TH 01:00PM-02:30PM/01:00PM-02:30PM,OPEN
NCBA,NCBA-02,COLLEGE,,2025-2026,2ND,GE222-PATHFIT4,BSED-ENGLISH 2-BSED2_ENGLISH,GYM,TH 10:00AM-12:00PM,OPEN
NCBA,NCBA-02,COLLEGE,,2025-2026,2ND,ED321-BENL,BSED-ENGLISH 3-BSED3_ENGLISH,FH-204,M/W 02:30PM-04:00PM/02:30PM-04:00PM,OPEN
NCBA,NCBA-02,COLLEGE,,2025-2026,2ND,ED322-AL2,BSED-ENGLISH 3-BSED3_ENGLISH,FH-201,S 08:00AM-11:00AM,OPEN
NCBA,NCBA-02,COLLEGE,,2025-2026,2ND,ED324-TTL2,BSED-ENGLISH 3-BSED3_ENGLISH,FH-206,T/TH 02:30PM-04:00PM/02:30PM-04:00PM,OPEN
NCBA,NCBA-02,COLLEGE,,2025-2026,2ND,EE221-LER,BSED-ENGLISH 3-BSED3_ENGLISH,FH-205,T/TH 04:00PM-05:30PM/04:00PM-05:30PM,OPEN
NCBA,NCBA-02,COLLEGE,,2025-2026,2ND,EE321-CJ,BSED-ENGLISH 3-BSED3_ENGLISH,FH-202,S 03:00PM-06:00PM,OPEN
NCBA,NCBA-02,COLLEGE,,2025-2026,2ND,EE323-LC,BSED-ENGLISH 3-BSED3_ENGLISH,FH-205,M/W 04:00PM-05:30PM/04:00PM-05:30PM,OPEN
NCBA,NCBA-02,COLLEGE,,2025-2026,2ND,EE325-TALS,BSED-ENGLISH 3-BSED3_ENGLISH,FH-202,S 12:00PM-03:00PM,OPEN
NCBA,NCBA-02,COLLEGE,,2025-2026,2ND,EE326-SDA,BSED-ENGLISH 3-BSED3_ENGLISH,TBA,M/W 05:30PM-07:00PM/05:30PM-07:00PM,OPEN
NCBA,NCBA-02,COLLEGE,,2025-2026,2ND,ED421-INTERN,BSED-ENGLISH 4-BSED4_ENGLISH,TBA,M/W 06:00PM-09:00PM/06:00PM-09:00PM,OPEN
NCBA,NCBA-02,COLLEGE,,2025-2026,2ND,ED421-INTERN,BSED-SCIE 4-BSED4_SCIENCE,TBA,M/W 06:00PM-09:00PM/06:00PM-09:00PM,OPEN
NCBA,NCBA-02,COLLEGE,,2025-2026,2ND,A132-ITAPPS,BSHM 1-BSHM_1A,208,T/TH 10:00AM-12:30PM/10:00AM-12:30PM,OPEN
NCBA,NCBA-02,COLLEGE,,2025-2026,2ND,CWS2,BSHM 1-BSHM_1A,TBA,S 12:00PM-03:00PM,OPEN
NCBA,NCBA-02,COLLEGE,,2025-2026,2ND,GE122-PATHFIT2,BSHM 1-BSHM_1A,QUAD,S 03:00PM-05:00PM,OPEN
NCBA,NCBA-02,COLLEGE,,2025-2026,2ND,GE213-FIL3,BSHM 1-BSHM_1A,FH-203,M/W 09:00AM-10:30AM/09:00AM-10:30AM,OPEN
NCBA,NCBA-02,COLLEGE,,2025-2026,2ND,HM121-TRSM1,BSHM 1-BSHM_1A,FH-203,M/W 07:30AM-09:00AM/07:30AM-09:00AM,OPEN
NCBA,NCBA-02,COLLEGE,,2025-2026,2ND,HM122-TRSM2,BSHM 1-BSHM_1A,FH-203,M/W 10:30AM-12:00PM/10:30AM-12:00PM,OPEN
NCBA,NCBA-02,COLLEGE,,2025-2026,2ND,HM123-KEBFP,BSHM 1-BSHM_1A,HRM LAB1,T/TH 07:30AM-10:00AM/07:30AM-10:00AM,OPEN
NCBA,NCBA-02,COLLEGE,,2025-2026,2ND,A132-ITAPPS,BSHM 1-BSHM_1A_ITAPPS,206,F 08:00AM-01:00PM,OPEN
NCBA,NCBA-02,COLLEGE,,2025-2026,2ND,HM123-KEBFP,BSHM 1-BSHM_1A_KEBFP,HRM LAB1,T/TH 10:00AM-12:30PM/10:00AM-12:30PM,OPEN
NCBA,NCBA-02,COLLEGE,,2025-2026,2ND,A132-ITAPPS,BSHM 1-BSHM_1B,208,F 08:00AM-01:00PM,OPEN
NCBA,NCBA-02,COLLEGE,,2025-2026,2ND,CWS2,BSHM 1-BSHM_1B,TBA,S 12:00PM-03:00PM,OPEN
NCBA,NCBA-02,COLLEGE,,2025-2026,2ND,GE122-PATHFIT2,BSHM 1-BSHM_1B,G-302,S 03:00PM-05:00PM,OPEN
NCBA,NCBA-02,COLLEGE,,2025-2026,2ND,GE213-FIL3,BSHM 1-BSHM_1B,FH-203,T/TH 10:30AM-12:00PM/10:30AM-12:00PM,OPEN
NCBA,NCBA-02,COLLEGE,,2025-2026,2ND,HM121-TRSM1,BSHM 1-BSHM_1B,FH-203,M/W 09:00AM-10:30AM/09:00AM-10:30AM,OPEN
NCBA,NCBA-02,COLLEGE,,2025-2026,2ND,HM122-TRSM2,BSHM 1-BSHM_1B,FH-203,M/W 10:30AM-12:00PM/10:30AM-12:00PM,OPEN
NCBA,NCBA-02,COLLEGE,,2025-2026,2ND,HM123-KEBFP,BSHM 1-BSHM_1B,HRM LAB1,T/TH 01:30PM-04:00PM/01:30PM-04:00PM,OPEN
NCBA,NCBA-02,COLLEGE,,2025-2026,2ND,A132-ITAPPS,BSHM 1-BSHM_1B_ITAPPS,210,T/TH 01:30PM-04:00PM/01:30PM-04:00PM,OPEN
NCBA,NCBA-02,COLLEGE,,2025-2026,2ND,HM123-KEBFP,BSHM 1-BSHM_1B_KEBFP,HRM LAB1,T/TH 04:00PM-06:30PM/04:00PM-06:30PM,OPEN
NCBA,NCBA-02,COLLEGE,,2025-2026,2ND,A132-ITAPPS,BSHM 1-BSHM_1C,208,T/TH 04:00PM-06:30PM/04:00PM-06:30PM,OPEN
NCBA,NCBA-02,COLLEGE,,2025-2026,2ND,CWS2,BSHM 1-BSHM_1C,TBA,S 12:00PM-03:00PM,OPEN
NCBA,NCBA-02,COLLEGE,,2025-2026,2ND,GE122-PATHFIT2,BSHM 1-BSHM_1C,G-301,F 01:00PM-03:00PM,OPEN
NCBA,NCBA-02,COLLEGE,,2025-2026,2ND,GE213-FIL3,BSHM 1-BSHM_1C,FH-204,F 03:00PM-06:00PM,OPEN
NCBA,NCBA-02,COLLEGE,,2025-2026,2ND,HM121-TRSM1,BSHM 1-BSHM_1C,FH-202,F 08:00AM-11:00AM,OPEN
NCBA,NCBA-02,COLLEGE,,2025-2026,2ND,HM122-TRSM2,BSHM 1-BSHM_1C,FH-308,T/TH 02:30PM-04:00PM/02:30PM-04:00PM,OPEN
NCBA,NCBA-02,COLLEGE,,2025-2026,2ND,HM123-KEBFP,BSHM 1-BSHM_1C,FH-208,T/TH 10:00AM-12:30PM/10:00AM-12:30PM,OPEN
NCBA,NCBA-02,COLLEGE,,2025-2026,2ND,A132-ITAPPS,BSHM 1-BSHM_1C_ITAPPS,206,M/W 10:00AM-12:30PM/10:00AM-12:30PM,OPEN
NCBA,NCBA-02,COLLEGE,,2025-2026,2ND,HM123-KEBFP,BSHM 1-BSHM_1C_KEBFP,FH-208,T/TH 07:30AM-10:00AM/07:30AM-10:00AM,OPEN
NCBA,NCBA-02,COLLEGE,,2025-2026,2ND,A132-ITAPPS,BSHM 1-BSHM_1D,208,M/W 10:00AM-12:30PM/10:00AM-12:30PM,OPEN
NCBA,NCBA-02,COLLEGE,,2025-2026,2ND,CWS2,BSHM 1-BSHM_1D,TBA,S 12:00PM-03:00PM,OPEN
NCBA,NCBA-02,COLLEGE,,2025-2026,2ND,GE122-PATHFIT2,BSHM 1-BSHM_1D,TBA,S 03:00PM-05:00PM,OPEN
NCBA,NCBA-02,COLLEGE,,2025-2026,2ND,GE213-FIL3,BSHM 1-BSHM_1D,TBA,S 08:00AM-11:00AM,OPEN
NCBA,NCBA-02,COLLEGE,,2025-2026,2ND,HM121-TRSM1,BSHM 1-BSHM_1D,FH-306,M/W 02:30PM-04:00PM/02:30PM-04:00PM,OPEN
NCBA,NCBA-02,COLLEGE,,2025-2026,2ND,HM122-TRSM2,BSHM 1-BSHM_1D,FH-306,M/W 01:00PM-02:30PM/01:00PM-02:30PM,OPEN
NCBA,NCBA-02,COLLEGE,,2025-2026,2ND,HM123-KEBFP,BSHM 1-BSHM_1D,FH-306,T/TH 04:00PM-06:30PM/04:00PM-06:30PM,OPEN
NCBA,NCBA-02,COLLEGE,,2025-2026,2ND,GE110-UTS,BSHM 2-BSHM_2A,FH-204,M/W 07:30AM-09:00AM/07:30AM-09:00AM,OPEN
NCBA,NCBA-02,COLLEGE,,2025-2026,2ND,GE214-RIZAL,BSHM 2-BSHM_2A,FH-203,S 08:00AM-11:00AM,OPEN
NCBA,NCBA-02,COLLEGE,,2025-2026,2ND,GE222-PATHFIT4,BSHM 2-BSHM_2A,GYM,S 01:00PM-03:00PM,OPEN
NCBA,NCBA-02,COLLEGE,,2025-2026,2ND,HM221-ABTT,BSHM 2-BSHM_2A,210,M/W 01:00PM-03:00PM/01:00PM-03:00PM,OPEN
NCBA,NCBA-02,COLLEGE,,2025-2026,2ND,HM224-SMTQM,BSHM 2-BSHM_2A,FH-301,T/TH 02:30PM-04:00PM/02:30PM-04:00PM,OPEN
NCBA,NCBA-02,COLLEGE,,2025-2026,2ND,HM225-ELECT2,BSHM 2-BSHM_2A,FH-204,M/W 09:30AM-11:30AM/09:30AM-11:30AM,OPEN
NCBA,NCBA-02,COLLEGE,,2025-2026,2ND,HM225-ELECT3,BSHM 2-BSHM_2A,FH-203,T/TH 07:30AM-10:00AM/07:30AM-10:00AM,OPEN
NCBA,NCBA-02,COLLEGE,,2025-2026,2ND,HM221-ABTT,BSHM 2-BSHM_2A_ABTT,208,M/W 05:00PM-07:00PM/05:00PM-07:00PM,OPEN
NCBA,NCBA-02,COLLEGE,,2025-2026,2ND,HM225-ELECT2,BSHM 2-BSHM_2A_ELECT2,FH-302,M/W 03:00PM-05:00PM/03:00PM-05:00PM,OPEN
NCBA,NCBA-02,COLLEGE,,2025-2026,2ND,HM225-ELECT3,BSHM 2-BSHM_2A_ELECT3,FH-204,T/TH 10:00AM-12:30PM/10:00AM-12:30PM,OPEN
NCBA,NCBA-02,COLLEGE,,2025-2026,2ND,GE110-UTS,BSHM 2-BSHM_2B,FH-201,T/TH 07:30AM-09:00AM/07:30AM-09:00AM,OPEN
NCBA,NCBA-02,COLLEGE,,2025-2026,2ND,GE214-RIZAL,BSHM 2-BSHM_2B,FH-205,S 12:00PM-03:00PM,OPEN
NCBA,NCBA-02,COLLEGE,,2025-2026,2ND,GE222-PATHFIT4,BSHM 2-BSHM_2B,GYM,S 10:00AM-12:00PM,OPEN
NCBA,NCBA-02,COLLEGE,,2025-2026,2ND,HM221-ABTT,BSHM 2-BSHM_2B,211,M/W 01:00PM-03:00PM/01:00PM-03:00PM,OPEN
NCBA,NCBA-02,COLLEGE,,2025-2026,2ND,HM224-SMTQM,BSHM 2-BSHM_2B,FH-201,T/TH 09:00AM-10:30AM/09:00AM-10:30AM,OPEN
NCBA,NCBA-02,COLLEGE,,2025-2026,2ND,HM225-ELECT2,BSHM 2-BSHM_2B,FH-301,M/W 09:30AM-11:30AM/09:30AM-11:30AM,OPEN
NCBA,NCBA-02,COLLEGE,,2025-2026,2ND,HM225-ELECT3,BSHM 2-BSHM_2B,FH-302,T/TH 01:30PM-04:00PM/01:30PM-04:00PM,OPEN
NCBA,NCBA-02,COLLEGE,,2025-2026,2ND,HM221-ABTT,BSHM 2-BSHM_2B_ABTT,210,M/W 05:00PM-07:00PM/05:00PM-07:00PM,OPEN
NCBA,NCBA-02,COLLEGE,,2025-2026,2ND,HM225-ELECT2,BSHM 2-BSHM_2B_ELECT2,FH-301,M/W 03:00PM-05:00PM/03:00PM-05:00PM,OPEN
NCBA,NCBA-02,COLLEGE,,2025-2026,2ND,HM225-ELECT3,BSHM 2-BSHM_2B_ELECT3,FH-201,T/TH 04:00PM-06:30PM/04:00PM-06:30PM,OPEN
NCBA,NCBA-02,COLLEGE,,2025-2026,2ND,EC312-FL2,BSHM 3-BSHM_3A,TBA,M/W 10:30AM-12:00PM/10:30AM-12:00PM,OPEN
NCBA,NCBA-02,COLLEGE,,2025-2026,2ND,GE109-STS,BSHM 3-BSHM_3A,FH-208,M/W 02:30PM-04:00PM/02:30PM-04:00PM,OPEN
NCBA,NCBA-02,COLLEGE,,2025-2026,2ND,GE212-ETHICS,BSHM 3-BSHM_3A,FH-208,M/W 04:00PM-05:30PM/04:00PM-05:30PM,OPEN
NCBA,NCBA-02,COLLEGE,,2025-2026,2ND,HM323-TRSM3,BSHM 3-BSHM_3A,FH-201,F 12:00PM-03:00PM,OPEN
NCBA,NCBA-02,COLLEGE,,2025-2026,2ND,HM324-TRSM4,BSHM 3-BSHM_3A,FH-201,F 03:00PM-06:00PM,OPEN
NCBA,NCBA-02,COLLEGE,,2025-2026,2ND,HM325-RH,BSHM 3-BSHM_3A,FH-303,T/TH 09:30AM-11:30AM/09:30AM-11:30AM,OPEN
NCBA,NCBA-02,COLLEGE,,2025-2026,2ND,HM327-ELECT6,BSHM 3-BSHM_3A,FH-303,T/TH 01:30PM-04:00PM/01:30PM-04:00PM,OPEN
NCBA,NCBA-02,COLLEGE,,2025-2026,2ND,HM325-RH,BSHM 3-BSHM_3A_HM325_RH,FH-303,T/TH 07:30AM-09:30AM/07:30AM-09:30AM,OPEN
NCBA,NCBA-02,COLLEGE,,2025-2026,2ND,HM327-ELECT6,BSHM 3-BSHM_3A_HM327_ELECT6,FH-303,T/TH 04:00PM-06:30PM/04:00PM-06:30PM,OPEN
NCBA,NCBA-02,COLLEGE,,2025-2026,2ND,HM421-PRACT,BSHM 4-BSHM_4A,FH-205,M/W 06:00PM-09:00PM/06:00PM-09:00PM,OPEN
NCBA,NCBA-02,COLLEGE,,2025-2026,2ND,CS222-DBMS1,BSIS 1-BSIS_1,208,T/TH 07:30AM-10:00AM/07:30AM-10:00AM,OPEN
NCBA,NCBA-02,COLLEGE,,2025-2026,2ND,CWS2,BSIS 1-BSIS_1,QUAD,S 12:00PM-03:00PM,OPEN
NCBA,NCBA-02,COLLEGE,,2025-2026,2ND,GE100-AA,BSIS 1-BSIS_1,FH-206,M/W 02:30PM-04:00PM/02:30PM-04:00PM,OPEN
NCBA,NCBA-02,COLLEGE,,2025-2026,2ND,GE105-MATH,BSIS 1-BSIS_1,TBA,M/W 01:00PM-02:30PM/01:00PM-02:30PM,OPEN
NCBA,NCBA-02,COLLEGE,,2025-2026,2ND,GE128-PE2,BSIS 1-BSIS_1,G-301,S 03:00PM-05:00PM,OPEN
NCBA,NCBA-02,COLLEGE,,2025-2026,2ND,GE213-FIL3,BSIS 1-BSIS_1,FH-207,M/W 04:00PM-05:30PM/04:00PM-05:30PM,OPEN
NCBA,NCBA-02,COLLEGE,,2025-2026,2ND,IS111-DSA,BSIS 1-BSIS_1,FH-209,T/TH 01:00PM-02:30PM/01:00PM-02:30PM,OPEN
NCBA,NCBA-02,COLLEGE,,2025-2026,2ND,IS121-COPROG2,BSIS 1-BSIS_1,206,T/TH 04:00PM-06:30PM/04:00PM-06:30PM,OPEN
NCBA,NCBA-02,COLLEGE,,2025-2026,2ND,IS214-DISMATH,BSIS 1-BSIS_1,FH-209,T/TH 02:30PM-04:00PM/02:30PM-04:00PM,OPEN
NCBA,NCBA-02,COLLEGE,,2025-2026,2ND,CC022-APPDEV,BSIS 2-BSIS_2,FH-207,M/W 07:00PM-08:30PM/07:00PM-08:30PM,OPEN
NCBA,NCBA-02,COLLEGE,,2025-2026,2ND,GE108-PC,BSIS 2-BSIS_2,FH-202,S 08:00AM-11:00AM,OPEN
NCBA,NCBA-02,COLLEGE,,2025-2026,2ND,GE122-HIST,BSIS 2-BSIS_2,TBA,S 03:00PM-06:00PM,OPEN
NCBA,NCBA-02,COLLEGE,,2025-2026,2ND,GE222-PE4,BSIS 2-BSIS_2,GYM,F 01:00PM-03:00PM,OPEN
NCBA,NCBA-02,COLLEGE,,2025-2026,2ND,IS221-FBA,BSIS 2-BSIS_2,FH-203,S 12:00PM-03:00PM,OPEN
NCBA,NCBA-02,COLLEGE,,2025-2026,2ND,IS222-WEBDEV,BSIS 2-BSIS_2,210,T/TH 07:30AM-10:00AM/07:30AM-10:00AM,OPEN
NCBA,NCBA-02,COLLEGE,,2025-2026,2ND,IS224-ISSMA,BSIS 2-BSIS_2,FH-207,M/W 05:30PM-07:00PM/05:30PM-07:00PM,OPEN
NCBA,NCBA-02,COLLEGE,,2025-2026,2ND,IS225-EBP,BSIS 2-BSIS_2,FH-207,M/W 04:00PM-05:30PM/04:00PM-05:30PM,OPEN
NCBA,NCBA-02,COLLEGE,,2025-2026,2ND,IS413-ISINNOV,BSIS 3-IS 413,FH-204,S 06:00PM-09:00PM,OPEN
NCBA,NCBA-02,COLLEGE,,2025-2026,2ND,IS421-PRACTICUM,BSIS 4-BSIS_4,FH-204,T/TH 06:00PM-09:00PM/06:00PM-09:00PM,OPEN
NCBA,NCBA-02,COLLEGE,,2025-2026,2ND,A132-ITAPPS,BSMA 1-BSMA_1A,TBA,F 02:00PM-07:00PM,OPEN
NCBA,NCBA-02,COLLEGE,,2025-2026,2ND,AE100-CFAS,BSMA 1-BSMA_1A,TBA,F 08:00AM-11:00AM,OPEN
NCBA,NCBA-02,COLLEGE,,2025-2026,2ND,AE123-LOC,BSMA 1-BSMA_1A,TBA,T/TH 05:30PM-07:00PM/05:30PM-07:00PM,OPEN
NCBA,NCBA-02,COLLEGE,,2025-2026,2ND,GE100-AA,BSMA 1-BSMA_1A,TBA,T/TH 09:00AM-10:30AM/09:00AM-10:30AM,OPEN
NCBA,NCBA-02,COLLEGE,,2025-2026,2ND,GE122-HIST,BSMA 1-BSMA_1A,TBA,S 03:00PM-06:00PM,OPEN
NCBA,NCBA-02,COLLEGE,,2025-2026,2ND,GE122-PATHFIT2,BSMA 1-BSMA_1A,TBA,S 01:00PM-03:00PM,OPEN
NCBA,NCBA-02,COLLEGE,,2025-2026,2ND,GE214-RIZAL,BSMA 1-BSMA_1A,TBA,T/TH 02:30PM-04:00PM/02:30PM-04:00PM,OPEN
NCBA,NCBA-02,COLLEGE,,2025-2026,2ND,LTS2,BSMA 1-BSMA_1A,TBA,S 08:00AM-11:00AM,OPEN
NCBA,NCBA-02,COLLEGE,,2025-2026,2ND,GE121-ELECT1,BSMA 1-ELECTIVE 1,305,F 08:00AM-11:00AM,OPEN
NCBA,NCBA-02,COLLEGE,,2025-2026,2ND,AE121-CAC,BSMA 2-BSMA_2A,TBA,T/TH 01:00PM-02:30PM/01:00PM-02:30PM,OPEN
NCBA,NCBA-02,COLLEGE,,2025-2026,2ND,AE133-ME,BSMA 2-BSMA_2A,302,M/W 09:00AM-10:30AM/09:00AM-10:30AM,OPEN
NCBA,NCBA-02,COLLEGE,,2025-2026,2ND,AE223-BT,BSMA 2-BSMA_2A,TBA,M/W 02:30PM-04:00PM/02:30PM-04:00PM,OPEN
NCBA,NCBA-02,COLLEGE,,2025-2026,2ND,AE224-IA3,BSMA 2-BSMA_2A,302,M/W 07:00PM-08:30PM/07:00PM-08:30PM,OPEN
NCBA,NCBA-02,COLLEGE,,2025-2026,2ND,AE226-RFLI,BSMA 2-BSMA_2A,TBA,T/TH 05:30PM-07:00PM/05:30PM-07:00PM,OPEN
NCBA,NCBA-02,COLLEGE,,2025-2026,2ND,AE325-GBERMIC,BSMA 2-BSMA_2A,TBA,T/TH 07:00PM-08:30PM/07:00PM-08:30PM,OPEN
NCBA,NCBA-02,COLLEGE,,2025-2026,2ND,GE109-STS,BSMA 2-BSMA_2A,TBA,M/W 01:00PM-02:30PM/01:00PM-02:30PM,OPEN
NCBA,NCBA-02,COLLEGE,,2025-2026,2ND,GE222-PE4,BSMA 2-BSMA_2A,TBA,F 01:00PM-03:00PM,OPEN
NCBA,NCBA-02,COLLEGE,,2025-2026,2ND,GE223-TCW,BSMA 2-BSMA_2A,TBA,M/W 04:00PM-05:30PM/04:00PM-05:30PM,OPEN
NCBA,NCBA-02,COLLEGE,,2025-2026,2ND,MA323-PMS,BSMA 2-PMS,303,F 06:00PM-09:00PM,OPEN
NCBA,NCBA-02,COLLEGE,,2025-2026,2ND,MA411-SSA,BSMA 2-SSA,302,M/W 05:30PM-07:00PM/05:30PM-07:00PM,OPEN
NCBA,NCBA-02,COLLEGE,,2025-2026,2ND,AE214-SCM,BSMA 3-BSMA_3A,TBA,S 12:00PM-03:00PM,OPEN
NCBA,NCBA-02,COLLEGE,,2025-2026,2ND,AE221-ACGN,BSMA 3-BSMA_3A,303,M/W 05:30PM-07:00PM/05:30PM-07:00PM,OPEN
NCBA,NCBA-02,COLLEGE,,2025-2026,2ND,AE225-FM,BSMA 3-BSMA_3A,305,M/W 04:00PM-05:30PM/04:00PM-05:30PM,OPEN
NCBA,NCBA-02,COLLEGE,,2025-2026,2ND,AE233-VCM,BSMA 3-BSMA_3A,TBA,F 12:00PM-03:00PM,OPEN
NCBA,NCBA-02,COLLEGE,,2025-2026,2ND,AE321-ARM,BSMA 3-BSMA_3A,302,S 06:00PM-09:00PM,OPEN
NCBA,NCBA-02,COLLEGE,,2025-2026,2ND,AE324-ECONDEV,BSMA 3-BSMA_3A,TBA,T/TH 09:00AM-10:30AM/09:00AM-10:30AM,OPEN
NCBA,NCBA-02,COLLEGE,,2025-2026,2ND,MA321-UMA,BSMA 3-BSMA_3A,303,F 08:00AM-11:00AM,OPEN
NCBA,NCBA-02,COLLEGE,,2025-2026,2ND,MA322-STM,BSMA 3-BSMA_3A,302,S 03:00PM-06:00PM,OPEN
NCBA,NCBA-02,COLLEGE,,2025-2026,2ND,MA323-PMS,BSMA 3-BSMA_3A,303,M/W 07:00PM-08:30PM/07:00PM-08:30PM,OPEN
NCBA,NCBA-02,COLLEGE,,2025-2026,2ND,ED421-INTERN,CPE 1-CPE,TBA,M/W 06:00PM-09:00PM/06:00PM-09:00PM,OPEN
