tenant_code,campus_code,department_code,course_code,course_title,units,course_type,default_base_value,is_active
NCBA,,,AE411-ACR,Accountancy Research,3,,50,TRUE
NCBA,,,AE312-BUSCOM,Accounting for Business Combination,3,,50,TRUE
NCBA,,,AE104-ABO,Accounting for Business Organization,3,,50,TRUE
NCBA,,,BA212-ABO,Accounting for Business Organization,3,,50,TRUE
NCBA,,,AE316-ABO-PC,Accounting for Business Organization - Partnership and Corporation,3,,50,TRUE
NCBA,,,A221-ACGN,Accounting for Government and Non-Profit Organizations,3,,50,TRUE
NCBA,,,AE221-ACGN,Accounting for Government and Non-Profit Organizations,4,,50,TRUE
NCBA,,,AE222-ACST,Accounting for Special Transactions,3,,50,TRUE
NCBA,,,AE211-AIS,Accounting Information System,3,,50,TRUE
NCBA,,,AE215-AIS,Accounting Information System,3,,50,TRUE
NCBA,,,AE412-ACI,Accounting Internship,3,,50,TRUE
NCBA,,,AE321-ARM,Accounting Research Methods,3,,50,TRUE
NCBA,,,AE4110-ARM,Accounting Research Methods,3,,50,TRUE
NCBA,,,HR211-AOM,Administrative and Office Management,4,,50,TRUE
NCBA,,,IS211-SAP,Advanced Accounting For IS (SAP),3,,50,TRUE
NCBA,,,MM321-ADVERT,Advertising,,,50,TRUE
NCBA,,,CS221-ALGO,Algorithms and Complexity,4,,50,TRUE
NCBA,,,ES122-CHEM2,Analytical Chemistry,3,,50,TRUE
NCBA,,,HM213-FLO,Analytics Tools And Techniques,3,,50,TRUE
NCBA,,,ES324-AP,Anatomy and Physiology,6,,50,TRUE
NCBA,,,CC022-APPDEV,Application Development & Emerging Technologies,3,,50,TRUE
NCBA,,,HM221-ABTT,Applied Business Tools and Technologies (PMS) with Laboratory,3,,50,TRUE
NCBA,,,CS311-ARCHIORG,Architecture and Organization,3,,50,TRUE
NCBA,,,GE100-AA,Art Appreciation,3,,50,TRUE
NCBA,,,GE215-AMS,"Art, Man and Society",3,,50,TRUE
NCBA,,,HM321-AC,Asian Cuisine (Elective 4),3,,50,TRUE
NCBA,,,HM327-ELECT6,Asian Cuisine (Elective 6),3,,50,TRUE
NCBA,,,ED311-AL1,Assessment in Learning 1,3,,50,TRUE
NCBA,,,ED322-AL2,Assessment in Learning 2,3,,50,TRUE
NCBA,,,ES311-ASTRO,Astronomy,3,,50,TRUE
NCBA,,,AE314-AAP,Auditing and Assurance Principles,3,,50,TRUE
NCBA,,,AE313-ACA1,Auditing and Assurance: Concepts and Applications 1,3,,50,TRUE
NCBA,,,AE322-ACA2,Auditing and Assurance: Concepts and Applications 2,3,,50,TRUE
NCBA,,,AE323-AASI,Auditing and Assurance: Specialized Industries,,,50,TRUE
NCBA,,,AE315-CIS,Auditing in CIS Environment,3,,50,TRUE
NCBA,,,CS312-ATFL,Automata Theory and Formal Languages,3,,50,TRUE
NCBA,,,FM221-BAFI,Banking and Financial Institutions,3,,50,TRUE
NCBA,,,HM216-BARBEV,Bar and Beverage Management with Laboratory (Elective 2),3,,50,TRUE
NCBA,,,BA112-BASFIN,Basic Finance,3,,50,TRUE
NCBA,,,BA101-BM,Basic Microeconomics,3,,50,TRUE
NCBA,,,ES221-BIO,Biochemistry,3,,50,TRUE
NCBA,,,HM211-BAP,Bread and Pastry,6,,50,TRUE
NCBA,,,HM215-ELECT1,Bread and Pastry (Elective 1),3,,50,TRUE
NCBA,,,ED321-BENL,Building and Enhancing New Literacies Across the Curriculum,3,,50,TRUE
NCBA,,,EC311-BUSCOM,Business Communication,4,,50,TRUE
NCBA,,,GE225-BUSCORR,Business Correspondence,3,,50,TRUE
NCBA,,,IS212-DATACOM,Business Data Communication & Networks,3,,50,TRUE
NCBA,,,BA111-BUSFIN,Business Finance,3,,50,TRUE
NCBA,,,AE419-BIA,Business Intelligence and Analytics,3,,50,TRUE
NCBA,,,AE212-BLR,Business Laws and Regulations,3,,50,TRUE
NCBA,,,AE428-BL,Business Logic (GE Elective),3,,50,TRUE
NCBA,,,BA113-BUSORG,Business Organization,3,,50,TRUE
NCBA,,,BA102-BOM,Business Organization and Management,3,,50,TRUE
NCBA,,,IS217-BPM,Business Process Management,3,,50,TRUE
NCBA,,,BA221-RSRCH,Business Research,3,,50,TRUE
NCBA,,,CS313-STAT,Business Statistics,3,,50,TRUE
NCBA,,,AE223-BT,Business Taxation,3,,50,TRUE
NCBA,,,GE111-CAL,Calculus,3,,50,TRUE
NCBA,,,EE321-CJ,Campus Journalism,3,,50,TRUE
NCBA,,,FM321-CM,Capital Market,3,,50,TRUE
NCBA,,,IS411-CAPSTONE2,Capstone Project (Development) 2,,,50,TRUE
NCBA,,,IS321-CAPSTONE1,Capstone Project (Planning) 1,,,50,TRUE
NCBA,,,HM311-CM,Catering Management (Elective 2),3,,50,TRUE
NCBA,,,HM316-ELECT4,Catering Management (Elective 4),3,,50,TRUE
NCBA,,,ES312-CMB,Cell and Molecular Biology,3,,50,TRUE
NCBA,,,EE213-CAL,Children and Adolescent Literature,3,,50,TRUE
NCBA,,,CWS1 LTS1 ROTC1,Civic Welfare Training Service 1/Literacy Training Service 1/Reserved Officer Training Corps 1,3,,50,TRUE
NCBA,,,CWS2 LTS2 ROTC 2,Civic Welfare Training Service 2/Literacy Training Service 2/Reserved Officer Training Corps 2,3,,50,TRUE
NCBA,,,HM411-CFC,Classical French Cuisine (Elective 5),3,,50,TRUE
NCBA,,,HM417-ELECT7,Classical French Cuisine (Elective 7),3,,50,TRUE
NCBA,,,HR321-CA,Compensation Administration,3,,50,TRUE
NCBA,,,IS213-COETHICS,Computer Ethics,3,,50,TRUE
NCBA,,,IS124-COMFUND1,Computer Fundamental 1 (Office Productivity in Business),3,,50,TRUE
NCBA,,,IS417-COMFUND2,Computer Fundamental 2 (System Application and Products),,,50,TRUE
NCBA,,,CC102-CP1,Computer Programming 1,3,,50,TRUE
NCBA,,,IS121-COPROG2,Computer Programming 2,6,,50,TRUE
NCBA,,,CS325-CPWEB,Computer Programming Web,,,50,TRUE
NCBA,,,EC313-COMCOM,Computer-Mediated Communication,3,,50,TRUE
NCBA,,,AE100-CFAS,Conceptual Framework and Accounting Standards,6,,50,TRUE
NCBA,,,EE311-CPE,"Contemporary, Popular and  Emergent Literature",3,,50,TRUE
NCBA,,,EL221-CPMT,Content and Pedagogy for the Mother Tongue,3,,50,TRUE
NCBA,,,AE121-CAC,Cost Accounting and Control,3,,50,TRUE
NCBA,,,OM311-CAP,Costing and Pricing,,,50,TRUE
NCBA,,,EE322-CW,Creative Writing,3,,50,TRUE
NCBA,,,FM321-CAC,Credit and Collection,,,50,TRUE
NCBA,,,CS314-ELECT1,CS Elective 1,3,,50,TRUE
NCBA,,,CS325-ELECT2,CS Elective 2,3,,50,TRUE
NCBA,,,CS411-ELECT3,CS Elective 3,3,,50,TRUE
NCBA,,,CS421-ELECT4,CS Elective 4,,,50,TRUE
NCBA,,,EC326-STEP,"CUBAO & FAIRVIEW : Special Topics in the English Profession Across the Professions
TAYTAY : Special Topics in the English Profession",3,,50,TRUE
NCBA,,,CS315-CTIC,Current Trends and Issues in Computing,3,,50,TRUE
NCBA,,,GE213-PATHFIT3,Dance,,,50,TRUE
NCBA,,,IS111-DSA,Data Structure And Algorithm,3,,50,TRUE
NCBA,,,IS125-DSA,Data Structure and Algorithm,3,,50,TRUE
NCBA,,,CS211-DATASTRUC,Data Structures and Algorithms,3,,50,TRUE
NCBA,,,CS111-DBMS,Database Management System,,,50,TRUE
NCBA,,,IS122-DBMS,Database Management System,3,,50,TRUE
NCBA,,,CS222-DBMS1,Database Management System 1,3,,50,TRUE
NCBA,,,CS322-DBMS2,Database Management System 2,3,,50,TRUE
NCBA,,,CC415-DADD,Digital Application Design and Development,3,,50,TRUE
NCBA,,,IS412-DIGENH,Digital Enhancement,,,50,TRUE
NCBA,,,IS214-DISMATH,Discrete Mathematics,3,,50,TRUE
NCBA,,,CS121-DISTRUC1,Discrete Structures 1,3,,50,TRUE
NCBA,,,CS212-DISTRUC2,Discrete Structures 2,,,50,TRUE
NCBA,,,MM322-DISMGT,Distribution Management,,,50,TRUE
NCBA,,,ES222-ES,Earth Science,3,,50,TRUE
NCBA,,,ES324-ECO,Ecology,6,,50,TRUE
NCBA,,,AE324-ECONDEV,Economic Development,3,,50,TRUE
NCBA,,,EL121-EPP,Edukasyong Pantahanan at Pangkabuhayan,3,,50,TRUE
NCBA,,,EL321-EPPE,Edukasyong Pantahanan at Pangkabuhayan with Entrepreneurship,3,,50,TRUE
NCBA,,,BA311-ELECT1,Elective 1,3,,50,TRUE
NCBA,,,IS318-HCI,Elective 1 (Human Computer Interaction),,,50,TRUE
NCBA,,,IS318-ELECT1,Elective 1(Human Computer Interaction),,,50,TRUE
NCBA,,,GE111-PPC,Elective 1-Philippine Popular Culture,3,,50,TRUE
NCBA,,,BA321-ELECT2,Elective 2,3,,50,TRUE
NCBA,,,IS322-ITAUDIT,Elective 2 (IT Audit Controls),,,50,TRUE
NCBA,,,GE123-ENVISCIE,Elective 2-Environmental Science,3,,50,TRUE
NCBA,,,GE211-TEM,Elective 2-The Entrepreneurial Mind,3,,50,TRUE
NCBA,,,BA411-ELECT3,Elective 3,3,,50,TRUE
NCBA,,,IS413-ISINNOV,Elective 3 (IS Innovations and New Technologies),,,50,TRUE
NCBA,,,GE412-HUMREP,Elective 3-Human Reproduction: Biocultural and Ecological Perspectives,3,,50,TRUE
NCBA,,,BA412-ELECT4,Elective 4,3,,50,TRUE
NCBA,,,IS416-ISM,Elective 4 (IT Service Management),,,50,TRUE
NCBA,,,EL322-ELECT,Elective: Teaching Multi –Grade Classes,3,,50,TRUE
NCBA,,,ES224-EM,Electricity and Magnetism,3,,50,TRUE
NCBA,,,EC411-ELT,ELT Approaches and Methods,5,,50,TRUE
NCBA,,,EC314-ENGDISC,English Discourse,3,,50,TRUE
NCBA,,,AE418-EIB,English for International Business,3,,50,TRUE
NCBA,,,EC211-EPM,English Phonology and Morphology,3,,50,TRUE
NCBA,,,EC223-ENGSYN,English Syntax,3,,50,TRUE
NCBA,,,IS316-EARCH,Enterprise Architecture,,,50,TRUE
NCBA,,,IS415-ERP,Enterprise Resource Planning,,,50,TRUE
NCBA,,,IS415-ENTSYS,Enterprise Systems,,,50,TRUE
NCBA,,,HM412-ETH,Entrepreneurship in Tourism and Hospitality,3,,50,TRUE
NCBA,,,OM211-EMS,Environmental Management System,,,50,TRUE
NCBA,,,ES121-ENVISCIE,Environmental Science,3,,50,TRUE
NCBA,,,GE102-ES,Environmental Science,3,,50,TRUE
NCBA,,,HM413-ERGO,Ergonomics and Facilities Planning for Hospitality Industry,3,,50,TRUE
NCBA,,,GE212-ETHICS,Ethics,3,,50,TRUE
NCBA,,,IS225-EBP,Evaluation of Business Performance,,,50,TRUE
NCBA,,,GE122-PATHFIT2,Exercise Based Fitness Activity,3,,50,TRUE
NCBA,,,ED121-FLCT,Facilitating Learner-Centered Teaching,3,,50,TRUE
NCBA,,,OM321-FACMGT,Facilities Management,,,50,TRUE
NCBA,,,BA413-FEASIB,Feasibility Study,3,,50,TRUE
NCBA,,,BA414-FEASIB,Feasibility Study Thesis,3,,50,TRUE
NCBA,,,ED411-FS1,Field Study 1,3,,50,TRUE
NCBA,,,ED412-FS2,Field Study 2,3,,50,TRUE
NCBA,,,AE102-FAR,Financial Accounting and Reporting,3,,50,TRUE
NCBA,,,AE105-FAR,Financial Accounting and Reporting,3,,50,TRUE
NCBA,,,AE228-FAR-AO,Financial Accounting and Reporting - Accounting Overview,3,,50,TRUE
NCBA,,,FM311-FAR,Financial Analysis and Reporting,3,,50,TRUE
NCBA,,,FM212-FINMGT,Financial Management,3,,50,TRUE
NCBA,,,AE225-FM,Financial Markets,3,,50,TRUE
NCBA,,,ES121-FM,Fluid Mechanics,5,,50,TRUE
NCBA,,,HM312-FBCC,Food and Beverage Cost Control (Elective 3),3,,50,TRUE
NCBA,,,HM317-ELECT5,Food and Beverage Cost Control (Elective 5),3,,50,TRUE
NCBA,,,EC221-FL1,Foreign Language 1,3,,50,TRUE
NCBA,,,EC312-FL2,Foreign Language 2,3,,50,TRUE
NCBA,,,EC323-FL3,Foreign Language 3,3,,50,TRUE
NCBA,,,EC424-FL4,Foreign Language 4,3,,50,TRUE
NCBA,,,ED302-FSIE,Foundation of Special and Inclusive Education,3,,50,TRUE
NCBA,,,EC422-FELTL,Foundations of English Language Teaching and Learning,3,,50,TRUE
NCBA,,,EL311-FSIE,Foundations of Special and Inclusive Education,3,,50,TRUE
NCBA,,,HM222-FOO,Front Office Operation,3,,50,TRUE
NCBA,,,HM225-ELECT2,Front Office Operation (Elective 2),3,,50,TRUE
NCBA,,,IS113-FAIS,Fundamentals in Accounting Information Systems,3,,50,TRUE
NCBA,,,HM212-FFSO,Fundamentals in Food Service Operations,3,,50,TRUE
NCBA,,,HM213-FLO (F),Fundamentals in Lodging Operations,3,,50,TRUE
NCBA,,,IS123-ACCFUND,Fundamentals of Accounting,3,,50,TRUE
NCBA,,,IS221-FBA,Fundamentals Of Business Analytics,3,,50,TRUE
NCBA,,,IS112-FIS,Fundamentals of Information Systems,3,,50,TRUE
NCBA,,,CC104-FOP,Fundamentals of Programming,3,,50,TRUE
NCBA,,,GE126-ELECT,GE ELECTIVE,3,,50,TRUE
NCBA,,,GE216-ELECT,GE ELECTIVE,3,,50,TRUE
NCBA,,,GE411-ELECT,GE ELECTIVE,3,,50,TRUE
NCBA,,,GE121-ELECT1,GE Elective 1,3,,50,TRUE
NCBA,,,GE212-ELECT2,GE Elective 2,3,,50,TRUE
NCBA,,,GE413-ELECT3,GE Elective 3,3,,50,TRUE
NCBA,,,ES225-GEN,Genetics,3,,50,TRUE
NCBA,,,EL122-GMRC,Good  Manners and Right Conduct,3,,50,TRUE
NCBA,,,BA121-GGSR,Good Governance and Social Responsibility,3,,50,TRUE
NCBA,,,AE325-GBERMIC,"Governance, Business Ethics, Risk Management & Internal Control",3,,50,TRUE
NCBA,,,IS328-GM,Graphics Manipulation,,,50,TRUE
NCBA,,,EC121-HISEL,History of the English Language,3,,50,TRUE
NCBA,,,SR131-HBO,Human Behavior in Organization,,,50,TRUE
NCBA,,,CS412-HCI,Human Computer Interaction,3,,50,TRUE
NCBA,,,BA122-HRM,Human Resource Management,3,,50,TRUE
NCBA,,,AE311-TAX,Income Taxation,3,,50,TRUE
NCBA,,,GE211-PE3,Individual/Dual Sports,3,,50,TRUE
NCBA,,,CS316-IAS,Information and Assurance Security,3,,50,TRUE
NCBA,,,CC211-INFOMGT,Information Management,3,,50,TRUE
NCBA,,,CC222-INFOMGT,Information Management,3,,50,TRUE
NCBA,,,IS312-ISAUDIT,Information System Audit,,,50,TRUE
NCBA,,,AE317-ISF,Innovation and Strategy Formation,3,,50,TRUE
NCBA,,,MA311-ISF,Innovation and Strategy Formulation,,,50,TRUE
NCBA,,,ED100-CHEM,Inorganic Chemistry,3,,50,TRUE
NCBA,,,EC418-IMDE,Instructional Materials Development and Evaluation,3,,50,TRUE
NCBA,,,AE421-IA1,Integrated Accounting 1,4,,50,TRUE
NCBA,,,AE422-IA2,Integrated Accounting 2,3,,50,TRUE
NCBA,,,AE423-IA3,Integrated Accounting 3,3,,50,TRUE
NCBA,,,AE424-IA4,Integrated Accounting 4,3,,50,TRUE
NCBA,,,AE425-IA5,Integrated Accounting 5,3,,50,TRUE
NCBA,,,AE426-IA6,Integrated Accounting 6,,,50,TRUE
NCBA,,,AE415-IAA,Integrated Auditing and Assurance,3,,50,TRUE
NCBA,,,AE416-IBLRF,Integrated Business Law and Regulatory Framework,3,,50,TRUE
NCBA,,,AE413-IFAR,Integrated Financial Accounting and Reporting,3,,50,TRUE
NCBA,,,AE417-IIBT,Integrated Income and Business Taxation,3,,50,TRUE
NCBA,,,MM412-IMC,Integrated Marketing Communication,,,50,TRUE
NCBA,,,AE414-ISCFM,Integrated Strategic Cost and Financial Management,3,,50,TRUE
NCBA,,,EC425-INTCOMM,Interculutural Communication,6,,50,TRUE
NCBA,,,AE122-IA1,Intermediate Accounting 1,6,,50,TRUE
NCBA,,,MA211-IA1-2,Intermediate Accounting 1 and 2,,,50,TRUE
NCBA,,,AE213-IA2,Intermediate Accounting 2,3,,50,TRUE
NCBA,,,AE224-IA3,Intermediate Accounting 3,3,,50,TRUE
NCBA,,,CS122-INTPROG,Intermediate Programming,3,,50,TRUE
NCBA,,,BA123-IBAT,International Business and Trade,3,,50,TRUE
NCBA,,,BA421-INTERN,Internship (600 hrs),3,,50,TRUE
NCBA,,,CC101-ITC,Introduction To Computing,3,,50,TRUE
NCBA,,,CC102-ITC,Introduction to Computing,3,,50,TRUE
NCBA,,,EC222-ILSC,"Introduction to Language, Society and Culture",3,,50,TRUE
NCBA,,,ED101-IL,Introduction to Linguistics,3,,50,TRUE
NCBA,,,HM314-MICE,"Introduction to Meetings, Incentives, Conferencesand Events Management (MICE)",3,,50,TRUE
NCBA,,,CC103-IOS,Introduction To Operating Systems,3,,50,TRUE
NCBA,,,EC101-IELS,Introduction to the English Language System,3,,50,TRUE
NCBA,,,OM221-IMAC,Inventory Management and Control,,,50,TRUE
NCBA,,,FM322-IPM,Investment and Portfolio Management,,,50,TRUE
NCBA,,,IS319-ISPM,IS Project Management,,,50,TRUE
NCBA,,,IS317-IPM1,IS Project Management 1,,,50,TRUE
NCBA,,,IS327-IPM2,IS Project Management 2,,,50,TRUE
NCBA,,,IS224-ISSMA,"IS Strategy, Management and Acquisition",,,50,TRUE
NCBA,,,EC423-IPEAP,Issues and Perspective in English Across the Professions,3,,50,TRUE
NCBA,,,EC327-IPELS,Issues and Perspectives in English Language Studies,3,,50,TRUE
NCBA,,,A132-ITAPPS,IT Application Tools in Business,3,,50,TRUE
NCBA,,,IS323-ITINFRA,IT Infrastructure and Network Technologies,,,50,TRUE
NCBA,,,IS414-ITSECMGT,IT Security And Management,,,50,TRUE
NCBA,,,IS324-ITSMA,"IT Strategy, Management and Application",,,50,TRUE
NCBA,,,HM123-KEBFP,Kitchen Essentials and Basic Food Preparation,3,,50,TRUE
NCBA,,,GE103-FIL,Komunikasyon sa Akademikong Filipino,3,,50,TRUE
NCBA,,,HR222-LLL,Labor Law and Legislation,3,,50,TRUE
NCBA,,,HR322-LRN,Labor Relations and Negotiations,3,,50,TRUE
NCBA,,,EC322-LAADV,Language and Advertising,3,,50,TRUE
NCBA,,,EC421-LAMED,Language and Media,3,,50,TRUE
NCBA,,,EC428-LAM,Language and Media,3,,50,TRUE
NCBA,,,EC325-LANPOL,Language and Politics,,,50,TRUE
NCBA,,,EC427-LAP,Language and Power,3,,50,TRUE
NCBA,,,EE221-LER,Language Education Research,3,,50,TRUE
NCBA,,,EC324-LANJOUR,Language in Journalism,2,,50,TRUE
NCBA,,,EE211-LLMD,Language Learning Materials Development,3,,50,TRUE
NCBA,,,EC414-LOTI,Language of  the Internet,3,,50,TRUE
NCBA,,,EC413-LOL,Language of Law,3,,50,TRUE
NCBA,,,EC224-LLT,Language of Literary Texts,,,50,TRUE
NCBA,,,EC315-LNLT,Language of Non-Literary Text,3,,50,TRUE
NCBA,,,EC417-LOTI,Language of the Internet,3,,50,TRUE
NCBA,,,EE223-LPPMS,Language Programs and Policies in Multilingual Societies,3,,50,TRUE
NCBA,,,EC321-LR1,Language Research I:  Methodology,3,,50,TRUE
NCBA,,,EC412-LR2,Language Research II: Thesis,3,,50,TRUE
NCBA,,,EE121-LCS,"Language, Culture and Society",3,,50,TRUE
NCBA,,,EC429-LPP,Languange Policies and Programs,3,,50,TRUE
NCBA,,,AE123-LOC,Law on Obligations and Contracts,3,,50,TRUE
NCBA,,,HM414-LATH,Legal Aspects in Tourism and Hospitality,3,,50,TRUE
NCBA,,,EE323-LC,Literary Criticism,3,,50,TRUE
NCBA,,,OM322-LM,Logistics Management,,,50,TRUE
NCBA,,,HM100-MPTH,Macro Perspective of Tourism and Hospitality,3,,50,TRUE
NCBA,,,AE420-MAI,Management Accounting Internship,3,,50,TRUE
NCBA,,,AE429-MAI,Management Accounting Internship (400),3,,50,TRUE
NCBA,,,MA412-MAR,Management Accounting Research,,,50,TRUE
NCBA,,,IS313-MIS,Management Information System,,,50,TRUE
NCBA,,,AE103-MS,Management Science,3,,50,TRUE
NCBA,,,AE133-ME,Managerial Economics,3,,50,TRUE
NCBA,,,MM121-MKTGCON,Marketing Concept,,,50,TRUE
NCBA,,,MM311-MKGMGT,Marketing Management,,,50,TRUE
NCBA,,,"MM211-MR
",Marketing Research,,,50,TRUE
NCBA,,,MM221-MKTGRES,Marketing Research,,,50,TRUE
NCBA,,,GE322-MP,Masining na Pagpapahayag,3,,50,TRUE
NCBA,,,GE105-MATH,Mathematics in the Modern World,3,,50,TRUE
NCBA,,,ES223-MET,Meteorology,3,,50,TRUE
NCBA,,,IS314-MRIS,Methods of Research For IS,,,50,TRUE
NCBA,,,HM122-TRSM2,Micro Perspective of Tourism and Hospitality,3,,50,TRUE
NCBA,,,ES325-MP,Microbiology and Parasitology,3,,50,TRUE
NCBA,,,ES321-PHY,Modern Physics,2,,50,TRUE
NCBA,,,FM312-MPCB,Monetary Policy and Central Banking,3,,50,TRUE
NCBA,,,GE111-PATHFIT1,Movement Competency Training,3,,50,TRUE
NCBA,,,HM323-TRSM3,Multi-Cultural Diversity in Workplace for the Tourism Professional,3,,50,TRUE
NCBA,,,EE212-MF,Mythology and Folklore,3,,50,TRUE
NCBA,,,CS422-NETCOM,Networks and Communications,3,,50,TRUE
NCBA,,,CS225-OOP,Object Oriented Programming,3,,50,TRUE
NCBA,,,CS213-OOP1,Object Oriented Programming 1,3,,50,TRUE
NCBA,,,CS413-OOP2,Object Oriented Programming 2,6,,50,TRUE
NCBA,,,BA223-BUSLAW,Obligations and Contracts,3,,50,TRUE
NCBA,,,CS423-OS,Operating Systems,3,,50,TRUE
NCBA,,,HM214-OM,Operations Management,3,,50,TRUE
NCBA,,,BA103-OMT,Operations Management (TQM),3,,50,TRUE
NCBA,,,ES212-CHEM3,Organic Chemistry,,,50,TRUE
NCBA,,,HR323-ORGDEV,Organizational Development,3,,50,TRUE
NCBA,,,IS216-OMC,Organizational Issues and Management Concept in IS,3,,50,TRUE
NCBA,,,GE104-FIL,Pagbasa at Pagsulat Tungo sa Pananaliksik,3,,50,TRUE
NCBA,,,GE125-PIID,Pagsasalin sa Iba't-Ibang Disiplina,3,,50,TRUE
NCBA,,,EL211-PFE1,Pagtuturo and Filipino sa Elementarya (I) -Estruktura at Gamit ng Wikang Filipino,3,,50,TRUE
NCBA,,,EL222-PFE2,Pagtuturo and Filipino sa Elementarya (II) Panitikan ng Pilipinas,3,,50,TRUE
NCBA,,,GE213-FIL3,Panitikan,3,,50,TRUE
NCBA,,,MA323-PMS,Performance Management System,,,50,TRUE
NCBA,,,HM121-TRSM1,Philippine Culture and Tourism Geography,3,,50,TRUE
NCBA,,,EC212-PHILENG,Philippine English,,,50,TRUE
NCBA,,,GE112-PHIL-LIT,Philippine Literature,3,,50,TRUE
NCBA,,,GE106-PPC,Philippine Popular Culture,3,,50,TRUE
NCBA,,,HM223-PRC,Philippine Regional Cuisine (Elective 1),2,,50,TRUE
NCBA,,,HM226-ELECT3,Philippine Regional Cuisine (Elective 3),3,,50,TRUE
NCBA,,,GE107-PE1,Physical Fitness,3,,50,TRUE
NCBA,,,CS321-PRACT,PRACTICUM (OJT),3,,50,TRUE
NCBA,,,IS421-PRACTICUM,Practicum / Industry Immersion (486hours),,,50,TRUE
NCBA,,,HM421-PRACT,Practicum BSHM (600 Hours),3,,50,TRUE
NCBA,,,MM322-PRICSTRA,Pricing Strategy,,,50,TRUE
NCBA,,,AE231-PMTA,Principles and Methods of Teaching Accounting,3,,50,TRUE
NCBA,,,"EE122-PTLAL
","Principles and Theories of Language Acquisition and Learning
",3,,50,TRUE
NCBA,,,MM312-PRODMGT,Product Management,,,50,TRUE
NCBA,,,OM322-PAQT,Productivity and Quality Tools,,,50,TRUE
NCBA,,,HM415-PDAE,Professional Development and Applied Ethics,3,,50,TRUE
NCBA,,,AE317-ELECT,Professional Elective,3,,50,TRUE
NCBA,,,AE4111-ELECT,Professional Elective,,,50,TRUE
NCBA,,,CS123-PIC,Professional Issues in Computing,3,,50,TRUE
NCBA,,,IS215-PIIS,Professional Issues in Information Systems,3,,50,TRUE
NCBA,,,MM221-PS,Professional Salesmanship,,,50,TRUE
NCBA,,,CS323-PROGLANG,Programming Languages,3,,50,TRUE
NCBA,,,OM312-PM,Project Management,,,50,TRUE
NCBA,,,CS324-PPM,Project Planning and Management,3,,50,TRUE
NCBA,,,EC213-PSYLANG,Psychology of Language,3,,50,TRUE
NCBA,,,GE108-PC,Purposive Communication,3,,50,TRUE
NCBA,,,IS325-QMSIS,Quality Management System For IS,,,50,TRUE
NCBA,,,HM416-QUASM,Quality Service Management in  Tourism and Hospitality,3,,50,TRUE
NCBA,,,IS315-QM,Quantitative Methods,,,50,TRUE
NCBA,,,GE122-HIST,Readings in Philippine History,2,,50,TRUE
NCBA,,,HR311-RAS,Recruitment and Selection,3,,50,TRUE
NCBA,,,AE226-RFLI,Regulatory Framework and Legal Issues in Business,3,,50,TRUE
NCBA,,,EL323-RE,Research in Education,3,,50,TRUE
NCBA,,,HM325-RH,Research in Hospitality,3,,50,TRUE
NCBA,,,ES322-RTS,Research in Teaching Science,3,,50,TRUE
NCBA,,,MM411-RETMGT,Retail Management,,,50,TRUE
NCBA,,,GE128-PE2,Rhythmic Activities,3,,50,TRUE
NCBA,,,HM102-RM,"Risk Management as Applied to Safety, Security and Sanitation",3,,50,TRUE
NCBA,,,GE214-RIZAL,Rizal's Life and Works,3,,50,TRUE
NCBA,,,GE109-STS,"Science, Technology, and Society",3,,50,TRUE
NCBA,,,EC225-SOE,Semantics of English,3,,50,TRUE
NCBA,,,CS414-SIPP,Social Issues and Professional Practice,3,,50,TRUE
NCBA,,,GE411-SSP,Social Science and Philosophy,3,,50,TRUE
NCBA,,,CS325-SE1,Software Engineering 1,3,,50,TRUE
NCBA,,,CS415-SE2,Software Engineering 2,3,,50,TRUE
NCBA,,,EC317-STELS,Special Topics in English Language Studies,3,,50,TRUE
NCBA,,,FM411-STFM,Special Topics in Financial Management,3,,50,TRUE
NCBA,,,HR411-STHRM,Special Topics in Human Resource  Management,3,,50,TRUE
NCBA,,,OM411-STOM,Special Topics in Operations Management,,,50,TRUE
NCBA,,,EE223-SPA,Speech and Theater Arts,3,,50,TRUE
NCBA,,,GE222-PATHFIT4,Sports: Basketball and Volleyball,3,,50,TRUE
NCBA,,,AE227-SASA,Statistical Analysis with Software Application,3,,50,TRUE
NCBA,,,IS223-STAIS,Statistics For IS,9,,50,TRUE
NCBA,,,AE232-SBA,Strategic Business Analysis,3,,50,TRUE
NCBA,,,AE214-SCM,Strategic Cost Management,5,,50,TRUE
NCBA,,,BA211-SM,Strategic Management,3,,50,TRUE
NCBA,,,HM224-SMTQM,Strategic Management & Total Quality  Management,3,,50,TRUE
NCBA,,,MA322-STM,Strategic Tax Management,,,50,TRUE
NCBA,,,EE123-SE,Structures of English,3,,50,TRUE
NCBA,,,EC316-STYLIS,Stylistics,,,50,TRUE
NCBA,,,EE326-SDA,Stylistics and Discourse Analysis,3,,50,TRUE
NCBA,,,HM315-SCMHI,Supply Chain Management in Hospitality Industry,3,,50,TRUE
NCBA,,,EE312-SASL,Survey of Afro-Asian Literature,3,,50,TRUE
NCBA,,,EE224-SEAL,Survey of English and American Literature,3,,50,TRUE
NCBA,,,EE224-SPLE,Survey of Philippine Literature in English,3,,50,TRUE
NCBA,,,MA411-SSA,Sustainability and Strategic Audit,,,50,TRUE
NCBA,,,IS326-SADD,"System Analysis, and  Design",,,50,TRUE
NCBA,,,EE226-TAM,Teaching and Assessment  of the Macroskills,3,,50,TRUE
NCBA,,,EE227-TAG,Teaching and Assessment of Grammar,3,,50,TRUE
NCBA,,,EE325-TALS,Teaching and Assessment of Literature Studies,3,,50,TRUE
NCBA,,,EL225-TAEG,Teaching Arts in the Elementary Grades,3,,50,TRUE
NCBA,,,EL224-TEEG,Teaching English in the Elementary Grades (Language Arts),3,,50,TRUE
NCBA,,,EL312-TEEGTL,Teaching English in the Elementary Grades through Literature,3,,50,TRUE
NCBA,,,ED421-INTERN,Teaching Internship,3,,50,TRUE
NCBA,,,EL212-TMPG,Teaching Math in Primary Grades,3,,50,TRUE
NCBA,,,EL223-TMIG,Teaching Math in the Intermediate Grades,3,,50,TRUE
NCBA,,,EL313-TMEG,Teaching Music in the Elementary Grades,3,,50,TRUE
NCBA,,,EL324-TPEHE,Teaching PE and Health in the Elementary Grades,3,,50,TRUE
NCBA,,,EL325-TSEG,"Teaching Science in Elementary Grades (Physics, Earth and Space Science)",3,,50,TRUE
NCBA,,,EL226-TSEG,Teaching Science in the Elementary Grades (Biology and Chemistry),4,,50,TRUE
NCBA,,,EL213-TSSEG,Teaching Social Studies in Elementary Grades (Culture and Geography,3,,50,TRUE
NCBA,,,EL227-TSSEG,Teaching Social Studies in Elementary Grades (Philippine History and Government),3,,50,TRUE
NCBA,,,GE222-PE4,Team Sports,3,,50,TRUE
NCBA,,,EE313-TW,Technical Writing,3,,50,TRUE
NCBA,,,EC415-TWP,Technical Writing in the Professions,3,,50,TRUE
NCBA,,,ED313-TTL1,Technology for Teaching and Learning 1,3,,50,TRUE
NCBA,,,ED324-TTL2,Technology for Teaching and Learning 2 (Technology in Language Education),3,,50,TRUE
NCBA,,,EL314-TTLEG,Technology for Teaching and Learning in the Elementary Grades,3,,50,TRUE
NCBA,,,ED102-TCALLP,The Child and Adolescent Learners and Learning Principles,3,,50,TRUE
NCBA,,,GE223-TCW,The Contemporary World,3,,50,TRUE
NCBA,,,GE321-TEM,The Entrepreneurial Mind,3,,50,TRUE
NCBA,,,GE123-TLP,The Literature of the Philippines,3,,50,TRUE
NCBA,,,"GE124-TLW
",The Literature of the World,3,,50,TRUE
NCBA,,,GE-TLW,The Literature of the World,3,,50,TRUE
NCBA,,,ED314-TCSCOL,"The Teacher and the Community, School Culture and Organizational Leadership",3,,50,TRUE
NCBA,,,ED315-TSC,The Teacher and the School Curriculum,3,,50,TRUE
NCBA,,,ES223-TTS,The Teaching of Science,3,,50,TRUE
NCBA,,,ED201-TTP,The Teaching Profession,3,,50,TRUE
NCBA,,,EC122-TLLA,Theories of  Language and Language Acquisition,3,,50,TRUE
NCBA,,,ES211-THERMO,Thermodynamics,3,,50,TRUE
NCBA,,,CS416-THESIS1,Thesis 1,,,50,TRUE
NCBA,,,CS424-THESIS2,Thesis 2,3,,50,TRUE
NCBA,,,HM324-TRSM4,Tourism and Hospitality Marketing,3,,50,TRUE
NCBA,,,HR312-TAD,Training and Development,3,,50,TRUE
NCBA,,,EC416-TS,Translation Studies,3,,50,TRUE
NCBA,,,GE110-UTS,Understanding the Self,3,,50,TRUE
NCBA,,,AE427-UFAS,Updates in Financial Reporting Standards,3,,50,TRUE
NCBA,,,MA321-UMA,Updates in Managerial Accounting,,,50,TRUE
NCBA,,,AE233-VCM,Valuation Concepts and Methods,3,,50,TRUE
NCBA,,,ES313-WO,Waves and Optics,,,50,TRUE
NCBA,,,CS317-WEBDEV,Web Development,3,,50,TRUE
NCBA,,,IS222-WEBDEV,Web Development,3,,50,TRUE
NCBA,,,CS112-WEBDEV1,Web Development 1,3,,50,TRUE
NCBA,,,CS223-WEBDEV2,Web Development 2,3,,50,TRUE
NCBA,,,IS418-ENTSYS,,,,50,TRUE
