Block Section,Section,Subject,Schedule,Room
AB1_ENGLANG,AB ENG-LANG 1-AB1_ENGLANG,A132-ITAPPS,T/TH 07:30AM-10:00AM/07:30AM-10:00AM,206
AB1_ENGLANG,AB ENG-LANG 1-AB1_ENGLANG,EC121-HISEL,M/W 04:00PM-05:30PM/04:00PM-05:30PM,FH-201
AB1_ENGLANG,AB ENG-LANG 1-AB1_ENGLANG,EC122-TLLA,T/TH 02:30PM-04:00PM/02:30PM-04:00PM,TBA
AB1_ENGLANG,AB ENG-LANG 1-AB1_ENGLANG,GE105-MATH,M/W 01:00PM-02:30PM/01:00PM-02:30PM,FH-201
AB1_ENGLANG,AB ENG-LANG 1-AB1_ENGLANG,GE122-HIST,S 03:00PM-06:00PM,TBA
AB1_ENGLANG,AB ENG-LANG 1-AB1_ENGLANG,GE122-PATHFIT2,S 01:00PM-03:00PM,TBA
AB1_ENGLANG,AB ENG-LANG 1-AB1_ENGLANG,GE125-PIID,T/TH 10:30AM-12:00PM/10:30AM-12:00PM,FH-201
AB1_ENGLANG,AB ENG-LANG 1-AB1_ENGLANG,LTS2,S 08:00AM-11:00AM,TBA
AB2_ENGLANG,AB ENG-LANG 2-AB2_ENGLANG,EC212-PHILENG,M/W 07:00PM-08:30PM/07:00PM-08:30PM,FH-203
AB2_ENGLANG,AB ENG-LANG 2-AB2_ENGLANG,EC222-ILSC,T/TH 04:00PM-05:30PM/04:00PM-05:30PM,TBA
AB2_ENGLANG,AB ENG-LANG 2-AB2_ENGLANG,EC223-ENGSYN,M/W 04:00PM-05:30PM/04:00PM-05:30PM,FH-203
AB2_ENGLANG,AB ENG-LANG 2-AB2_ENGLANG,EC224-LLT,M/W 01:00PM-02:30PM/01:00PM-02:30PM,FH-202
AB2_ENGLANG,AB ENG-LANG 2-AB2_ENGLANG,EC225-SOE,T/TH 02:30PM-04:00PM/02:30PM-04:00PM,FH-204
AB2_ENGLANG,AB ENG-LANG 2-AB2_ENGLANG,EC316-STYLIS,M/W 05:30PM-07:00PM/05:30PM-07:00PM,FH-203
AB2_ENGLANG,AB ENG-LANG 2-AB2_ENGLANG,GE222-PATHFIT4,TH 10:00AM-12:00PM,TBA
AB3_ENGLANG,AB ENG-LANG 3-AB3_ENGLANG,EC312-FL2,M/W 10:30AM-12:00PM/10:30AM-12:00PM,FH-202
AB3_ENGLANG,AB ENG-LANG 3-AB3_ENGLANG,EC324-LANJOUR,T/TH 02:30PM-04:00PM/02:30PM-04:00PM,FH-206
AB3_ENGLANG,AB ENG-LANG 3-AB3_ENGLANG,EC327-IPELS,M/W 01:00PM-02:30PM/01:00PM-02:30PM,FH-204
AB3_ENGLANG,AB ENG-LANG 3-AB3_ENGLANG,EC412-LR2,T/TH 04:00PM-05:30PM/04:00PM-05:30PM,TBA
AB3_ENGLANG,AB ENG-LANG 3-AB3_ENGLANG,EC427-LAP,T/TH 05:30PM-07:00PM/05:30PM-07:00PM,FH-205
AB4_ENGLANG,AB ENG-LANG 4-AB4_ENGLANG,EC322-LAADV,T/TH 09:00AM-10:30AM/09:00AM-10:30AM,FH-202
AB4_ENGLANG,AB ENG-LANG 4-AB4_ENGLANG,EC324-LANJOUR,T/TH 02:30PM-04:00PM/02:30PM-04:00PM,TBA
AB4_ENGLANG,AB ENG-LANG 4-AB4_ENGLANG,EC421-LAMED,T/TH 10:30AM-12:00PM/10:30AM-12:00PM,FH-202
BEED1,BEEd 1-BEED1,ED121-FLCT,S 12:00PM-03:00PM,FH-201
BEED1,BEEd 1-BEED1,EL121-EPP,T/TH 02:30PM-04:00PM/02:30PM-04:00PM,FH-201
BEED1,BEEd 1-BEED1,EL122-GMRC,T/TH 01:00PM-02:30PM/01:00PM-02:30PM,FH-201
BEED1,BEEd 1-BEED1,GE105-MATH,M/W 09:00AM-10:30AM/09:00AM-10:30AM,FH-201
BEED1,BEEd 1-BEED1,GE122-HIST,M/W 10:30AM-12:00PM/10:30AM-12:00PM,FH-201
BEED1,BEEd 1-BEED1,GE122-PATHFIT2,M 01:00PM-03:00PM,G-301
BEED1,BEEd 1-BEED1,GE125-PIID,M/W 07:30AM-09:00AM/07:30AM-09:00AM,FH-201
BEED1,BEEd 1-BEED1,LTS2,S 08:00AM-11:00AM,TBA
BEED2,BEEd 2-BEED2,EL221-CPMT,M/W 04:00PM-05:30PM/04:00PM-05:30PM,FH-204
BEED2,BEEd 2-BEED2,EL222-PFE2,T/TH 01:00PM-02:30PM/01:00PM-02:30PM,FH-204
BEED2,BEEd 2-BEED2,EL223-TMIG,M/W 01:00PM-02:30PM/01:00PM-02:30PM,FH-203
BEED2,BEEd 2-BEED2,EL224-TEEG,M/W 05:30PM-07:00PM/05:30PM-07:00PM,FH-204
BEED2,BEEd 2-BEED2,EL225-TAEG,M/W 02:30PM-04:00PM/02:30PM-04:00PM,FH-203
BEED2,BEEd 2-BEED2,EL226-TSEG,T/TH 02:30PM-04:00PM/02:30PM-04:00PM,FH-205
BEED2,BEEd 2-BEED2,EL2274-TSSEG,T/TH 04:00PM-05:30PM/04:00PM-05:30PM,FH-204
BEED2,BEEd 2-BEED2,GE222-PATHFIT4,TH 10:00AM-12:00PM,TBA
BEED3,BEEd 3-BEED3,ED321-BENL,M/W 02:30PM-04:00PM/02:30PM-04:00PM,TBA
BEED3,BEEd 3-BEED3,ED322-AL2,S 08:00AM-11:00AM,TBA
BEED3,BEEd 3-BEED3,EL321-EPPE,M/W 04:00PM-05:30PM/04:00PM-05:30PM,FH-206
BEED3,BEEd 3-BEED3,EL322-ELECT,T/TH 02:30PM-04:00PM/02:30PM-04:00PM,FH-208
BEED3,BEEd 3-BEED3,EL323-RE,T/TH 04:00PM-05:30PM/04:00PM-05:30PM,TBA
BEED3,BEEd 3-BEED3,EL324-TPEHE,M/W 01:00PM-02:30PM/01:00PM-02:30PM,FH-205
BEED3,BEEd 3-BEED3,EL325-TSEG,T/TH 05:30PM-07:00PM/05:30PM-07:00PM,FH-206
BEED4,BEEd 4-BEED4,ED421-INTERN,M/W 06:00PM-09:00PM/06:00PM-09:00PM,FH-201
BSA_1A,BSA 1-BSA_1A,A132-ITAPPS,M/W 01:30PM-04:00PM/01:30PM-04:00PM,206
BSA_1A,BSA 1-BSA_1A,AE100-CFAS,M/W 10:30AM-12:00PM/10:30AM-12:00PM,301
BSA_1A,BSA 1-BSA_1A,AE123-LOC,T/TH 05:30PM-07:00PM/05:30PM-07:00PM,301
BSA_1A,BSA 1-BSA_1A,GE100-AA,M/W 09:00AM-10:30AM/09:00AM-10:30AM,301
BSA_1A,BSA 1-BSA_1A,GE122-HIST,T/TH 01:00PM-02:30PM/01:00PM-02:30PM,301
BSA_1A,BSA 1-BSA_1A,GE122-PATHFIT2,T 10:00AM-12:00PM,G-301
BSA_1A,BSA 1-BSA_1A,GE125-PIID,T/TH 04:00PM-05:30PM/04:00PM-05:30PM,301
BSA_1A,BSA 1-BSA_1A,GE214-RIZAL,M/W 07:30AM-09:00AM/07:30AM-09:00AM,301
BSA_1A,BSA 1-BSA_1A,LTS2,S 08:00AM-11:00AM,QUAD
BSA_1A_ITAPPS,BSA 1-BSA_1A_ITAPPS,A132-ITAPPS,M/W 01:30PM-04:00PM/01:30PM-04:00PM,208
BSA_1B,BSA 1-BSA_1B,A132-ITAPPS,M/W 07:30AM-10:00AM/07:30AM-10:00AM,206
BSA_1B,BSA 1-BSA_1B,AE100-CFAS,M/W 01:00PM-02:30PM/01:00PM-02:30PM,302
BSA_1B,BSA 1-BSA_1B,AE123-LOC,T/TH 07:00PM-08:30PM/07:00PM-08:30PM,301
BSA_1B,BSA 1-BSA_1B,GE100-AA,M/W 10:30AM-12:00PM/10:30AM-12:00PM,301
BSA_1B,BSA 1-BSA_1B,GE122-HIST,T/TH 04:00PM-05:30PM/04:00PM-05:30PM,302
BSA_1B,BSA 1-BSA_1B,GE122-PATHFIT2,TH 01:00PM-03:00PM,G-301
BSA_1B,BSA 1-BSA_1B,GE125-PIID,M/W 02:30PM-04:00PM/02:30PM-04:00PM,302
BSA_1B,BSA 1-BSA_1B,GE214-RIZAL,T/TH 10:30AM-12:00PM/10:30AM-12:00PM,301
BSA_1B,BSA 1-BSA_1B,LTS2,S 08:00AM-11:00AM,TBA
BSA_1B_ITAPPS,BSA 1-BSA_1B_ITAPPS,A132-ITAPPS,M/W 07:30AM-10:00AM/07:30AM-10:00AM,208
BSA_1C,BSA 1-BSA_1C,A132-ITAPPS,T/TH 01:30PM-04:00PM/01:30PM-04:00PM,206
BSA_1C,BSA 1-BSA_1C,AE100-CFAS,M/W 02:30PM-04:00PM/02:30PM-04:00PM,302
BSA_1C,BSA 1-BSA_1C,AE123-LOC,T/TH 05:30PM-07:00PM/05:30PM-07:00PM,302
BSA_1C,BSA 1-BSA_1C,GE100-AA,M/W 01:00PM-02:30PM/01:00PM-02:30PM,302
BSA_1C,BSA 1-BSA_1C,GE122-HIST,T/TH 10:30AM-12:00PM/10:30AM-12:00PM,302
BSA_1C,BSA 1-BSA_1C,GE122-PATHFIT2,W 08:00AM-10:00AM,G-301
BSA_1C,BSA 1-BSA_1C,GE125-PIID,M/W 10:30AM-12:00PM/10:30AM-12:00PM,303
BSA_1C,BSA 1-BSA_1C,GE214-RIZAL,M/W 04:00PM-05:30PM/04:00PM-05:30PM,302
BSA_1C,BSA 1-BSA_1C,LTS2,S 08:00AM-11:00AM,TBA
BSA_1C_ITAPPS,BSA 1-BSA_1C_ITAPPS,A132-ITAPPS,T/TH 01:30PM-04:00PM/01:30PM-04:00PM,208
BSA_1D,BSA 1-BSA_1D,A132-ITAPPS,T/TH 10:00AM-12:30PM/10:00AM-12:30PM,206
BSA_1D,BSA 1-BSA_1D,AE100-CFAS,M/W 04:00PM-05:30PM/04:00PM-05:30PM,303
BSA_1D,BSA 1-BSA_1D,AE123-LOC,T/TH 07:00PM-08:30PM/07:00PM-08:30PM,302
BSA_1D,BSA 1-BSA_1D,GE100-AA,M/W 01:00PM-02:30PM/01:00PM-02:30PM,303
BSA_1D,BSA 1-BSA_1D,GE122-HIST,M/W 02:30PM-04:00PM/02:30PM-04:00PM,303
BSA_1D,BSA 1-BSA_1D,GE125-PIID,T/TH 02:30PM-04:00PM/02:30PM-04:00PM,302
BSA_1D,BSA 1-BSA_1D,GE214-RIZAL,T/TH 01:00PM-02:30PM/01:00PM-02:30PM,302
BSA_1D,BSA 1-BSA_1D,LTS2,S 08:00AM-11:00AM,TBA
BSA_1D_ITAPPS,BSA 1-BSA_1D_ITAPPS,A132-ITAPPS,T/TH 10:00AM-12:30PM/10:00AM-12:30PM,208
BSA_1E,BSA 1-BSA_1E,A132-ITAPPS,F 02:00PM-07:00PM,206
BSA_1E,BSA 1-BSA_1E,AE100-CFAS,F 08:00AM-11:00AM,301
BSA_1E,BSA 1-BSA_1E,AE123-LOC,T/TH 05:30PM-07:00PM/05:30PM-07:00PM,303
BSA_1E,BSA 1-BSA_1E,GE100-AA,T/TH 09:00AM-10:30AM/09:00AM-10:30AM,303
BSA_1E,BSA 1-BSA_1E,GE122-HIST,S 03:00PM-06:00PM,301
BSA_1E,BSA 1-BSA_1E,GE122-PATHFIT2,S 01:00PM-03:00PM,G-301
BSA_1E,BSA 1-BSA_1E,GE125-PIID,T/TH 10:30AM-12:00PM/10:30AM-12:00PM,303
BSA_1E,BSA 1-BSA_1E,GE214-RIZAL,T/TH 02:30PM-04:00PM/02:30PM-04:00PM,301
BSA_1E,BSA 1-BSA_1E,LTS2,S 08:00AM-11:00AM,TBA
OBLICON_CS,BSA 1-OBLICON_CS,AE123-LOC,T/TH 04:00PM-05:30PM/04:00PM-05:30PM,TBA
PETITION_FAR,BSA 1-PETITION_FAR,AE105-FAR,F 09:00AM-12:00PM,304
BSA_2A,BSA 2-BSA_2A,AE121-CAC,T/TH 04:00PM-05:30PM/04:00PM-05:30PM,303
BSA_2A,BSA 2-BSA_2A,AE213-IA2,M/W 10:30AM-12:00PM/10:30AM-12:00PM,304
BSA_2A,BSA 2-BSA_2A,AE223-BT,M/W 01:00PM-02:30PM/01:00PM-02:30PM,304
BSA_2A,BSA 2-BSA_2A,AE226-RFLI,M/W 02:30PM-04:00PM/02:30PM-04:00PM,304
BSA_2A,BSA 2-BSA_2A,AE227-SASA,T/TH 06:30PM-09:00PM/06:30PM-09:00PM,206
BSA_2A,BSA 2-BSA_2A,AE324-ECONDEV,T/TH 02:30PM-04:00PM/02:30PM-04:00PM,303
BSA_2A,BSA 2-BSA_2A,GE108-PC,T/TH 10:30AM-12:00PM/10:30AM-12:00PM,304
BSA_2A,BSA 2-BSA_2A,GE222-PATHFIT4,F 03:00PM-05:00PM,GYM
BSA_2A,BSA 2-BSA_2A,GE223-TCW,T/TH 01:00PM-02:30PM/01:00PM-02:30PM,303
BSA_2A_SASA,BSA 2-BSA_2A_SASA,AE227-SASA,T/TH 06:30PM-09:00PM/06:30PM-09:00PM,207
BSA_2B,BSA 2-BSA_2B,AE121-CAC,T/TH 05:30PM-07:00PM/05:30PM-07:00PM,304
BSA_2B,BSA 2-BSA_2B,AE213-IA2,M/W 02:30PM-04:00PM/02:30PM-04:00PM,305
BSA_2B,BSA 2-BSA_2B,AE223-BT,M/W 10:30AM-12:00PM/10:30AM-12:00PM,305
BSA_2B,BSA 2-BSA_2B,AE226-RFLI,T/TH 07:00PM-08:30PM/07:00PM-08:30PM,304
BSA_2B,BSA 2-BSA_2B,AE227-SASA,M/W 06:30PM-09:00PM/06:30PM-09:00PM,206
BSA_2B,BSA 2-BSA_2B,AE324-ECONDEV,M/W 01:00PM-02:30PM/01:00PM-02:30PM,305
BSA_2B,BSA 2-BSA_2B,GE108-PC,M/W 09:00AM-10:30AM/09:00AM-10:30AM,304
BSA_2B,BSA 2-BSA_2B,GE222-PATHFIT4,S 08:00AM-10:00AM,GYM
BSA_2B,BSA 2-BSA_2B,GE223-TCW,T/TH 04:00PM-05:30PM/04:00PM-05:30PM,304
BSA_2B_SASA,BSA 2-BSA_2B_SASA,AE227-SASA,M/W 06:30PM-09:00PM/06:30PM-09:00PM,207
BSA_2C,BSA 2-BSA_2C,AE121-CAC,T/TH 01:00PM-02:30PM/01:00PM-02:30PM,304
BSA_2C,BSA 2-BSA_2C,AE213-IA2,M/W 01:00PM-02:30PM/01:00PM-02:30PM,201
BSA_2C,BSA 2-BSA_2C,AE223-BT,M/W 02:30PM-04:00PM/02:30PM-04:00PM,201
BSA_2C,BSA 2-BSA_2C,AE226-RFLI,T/TH 05:30PM-07:00PM/05:30PM-07:00PM,201
BSA_2C,BSA 2-BSA_2C,AE227-SASA,S 02:00PM-07:00PM,206
BSA_2C,BSA 2-BSA_2C,AE324-ECONDEV,T/TH 09:00AM-10:30AM/09:00AM-10:30AM,304
BSA_2C,BSA 2-BSA_2C,GE108-PC,S 08:00AM-11:00AM,303
BSA_2C,BSA 2-BSA_2C,GE222-PATHFIT4,W 10:00AM-12:00PM,GYM
BSA_2C,BSA 2-BSA_2C,GE223-TCW,M/W 04:00PM-05:30PM/04:00PM-05:30PM,201
BUSINESS TAX,BSA 2-BUSINESS TAX,AE223-BT,S 03:00PM-06:00PM,304
IA2_CS,BSA 2-IA2_CS,AE213-IA2,M/W 07:00PM-08:30PM/07:00PM-08:30PM,TBA
IA2_CS_2B,BSA 2-IA2_CS_2B,AE213-IA2,S 12:00PM-03:00PM,TBA
IA2_CS_2C,BSA 2-IA2_CS_2C,AE213-IA2,M/W 05:30PM-07:00PM/05:30PM-07:00PM,TBA
PETITION_IA1,BSA 2-PETITION_IA1,AE122-IA1,M/W 05:30PM-07:00PM/05:30PM-07:00PM,305
PETITION_INCOME TAX,BSA 2-PETITION_INCOME TAX,AE311-TAX,F 12:00PM-03:00PM,302
BSA_3A,BSA 3-BSA_3A,AE214-SCM,S 08:00AM-11:00AM,301
BSA_3A,BSA 3-BSA_3A,AE231-PMTA,T/TH 05:30PM-07:00PM/05:30PM-07:00PM,305
BSA_3A,BSA 3-BSA_3A,AE232-SBA,M/W 05:30PM-07:00PM/05:30PM-07:00PM,301
BSA_3A,BSA 3-BSA_3A,AE233-VCM,F 08:00AM-11:00AM,302
BSA_3A,BSA 3-BSA_3A,AE312-BUSCOM,M/W 04:00PM-05:30PM/04:00PM-05:30PM,301
BSA_3A,BSA 3-BSA_3A,AE322-ACA2,M/W 07:00PM-08:30PM/07:00PM-08:30PM,301
BSA_3A,BSA 3-BSA_3A,AE325-GBERMIC,T/TH 07:00PM-08:30PM/07:00PM-08:30PM,305
BSA_3A,BSA 3-BSA_3A,GE212-ETHICS,T/TH 04:00PM-05:30PM/04:00PM-05:30PM,305
BSA_3A,BSA 3-BSA_3A,GE213-FIL3,T/TH 02:30PM-04:00PM/02:30PM-04:00PM,304
BSA_3B,BSA 3-BSA_3B,AE214-SCM,S 12:00PM-03:00PM,301
BSA_3B,BSA 3-BSA_3B,AE231-PMTA,F 03:00PM-06:00PM,306
BSA_3B,BSA 3-BSA_3B,AE232-SBA,M/W 04:00PM-05:30PM/04:00PM-05:30PM,306
BSA_3B,BSA 3-BSA_3B,AE233-VCM,F 12:00PM-03:00PM,301
BSA_3B,BSA 3-BSA_3B,AE312-BUSCOM,M/W 01:00PM-02:30PM/01:00PM-02:30PM,306
BSA_3B,BSA 3-BSA_3B,AE322-ACA2,M/W 07:00PM-08:30PM/07:00PM-08:30PM,306
BSA_3B,BSA 3-BSA_3B,AE325-GBERMIC,T/TH 05:30PM-07:00PM/05:30PM-07:00PM,306
BSA_3B,BSA 3-BSA_3B,GE212-ETHICS,M/W 05:30PM-07:00PM/05:30PM-07:00PM,306
BSA_3B,BSA 3-BSA_3B,GE213-FIL3,M/W 02:30PM-04:00PM/02:30PM-04:00PM,306
BUSCOM_CS,BSA 3-BUSCOM_CS,AE312-BUSCOM,M/W 09:00AM-10:30AM/09:00AM-10:30AM,TBA
PETITION_ACA1,BSA 3-PETITION_ACA1,AE313-ACAI,F 06:00PM-09:00PM,301
PETITION_BA211SM,BSA 3-PETITION_BA211SM,BA211-SM,M/W 01:00PM-02:30PM/01:00PM-02:30PM,202
AUDITING INTEG,BSA 4-AUDITING INTEG,AE415-IAA,F 06:00PM-09:00PM,302
BSA_4A,BSA 4-BSA_4A,AE411-ACR,S 08:00AM-11:00AM,302
BSA_4A,BSA 4-BSA_4A,AE412-ACI,M/W 06:00PM-09:00PM/06:00PM-09:00PM,304
BSA_4B,BSA 4-BSA_4B,AE411-ACR,S 12:00PM-03:00PM,302
BSA_4B,BSA 4-BSA_4B,AE412-ACI,T/TH 06:00PM-09:00PM/06:00PM-09:00PM,TBA
STRATEGIC COST INTEG,BSA 4-STRATEGIC COST INTEG,AE414-ISCFM,S 03:00PM-06:00PM,303
TAX INTEGRATED,BSA 4-TAX INTEGRATED,AE417-IIBT,S 06:00PM-09:00PM,303
UFAS,BSA 4-UFAS,AE427-UFAS,S 12:00PM-03:00PM,303
BSBA1_HRM,BSBA HRM 1-BSBA1_HRM,BA121-GGSR,T/TH 10:30AM-12:00PM/10:30AM-12:00PM,FH-206
BSBA1_HRM,BSBA HRM 1-BSBA1_HRM,BA122-HRM,T/TH 09:00AM-10:30AM/09:00AM-10:30AM,FH-206
BSBA1_HRM,BSBA HRM 1-BSBA1_HRM,CWS2,S 12:00PM-03:00PM,TBA
BSBA1_HRM,BSBA HRM 1-BSBA1_HRM,GE103-FIL,M/W 04:00PM-05:30PM/04:00PM-05:30PM,FH-209
BSBA1_HRM,BSBA HRM 1-BSBA1_HRM,GE109-STS,M/W 01:00PM-02:30PM/01:00PM-02:30PM,FH-207
BSBA1_HRM,BSBA HRM 1-BSBA1_HRM,GE110-UTS,M/W 02:30PM-04:00PM/02:30PM-04:00PM,FH-207
BSBA1_HRM,BSBA HRM 1-BSBA1_HRM,GE122-PATHFIT2,M 10:00AM-12:00PM,GYM
BSBA2_HRM,BSBA HRM 2-BSBA2_HRM,BA123-IBAT,T/TH 04:00PM-05:30PM/04:00PM-05:30PM,FH-209
BSBA2_HRM,BSBA HRM 2-BSBA2_HRM,BA311-ELECT1G,T/TH 05:30PM-07:00PM/05:30PM-07:00PM,FH-209
BSBA2_HRM,BSBA HRM 2-BSBA2_HRM,BA321-ELECT2A,M/W 01:00PM-02:30PM/01:00PM-02:30PM,FH-208
BSBA2_HRM,BSBA HRM 2-BSBA2_HRM,GE105-MATH,M/W 02:30PM-04:00PM/02:30PM-04:00PM,FH-209
BSBA2_HRM,BSBA HRM 2-BSBA2_HRM,GE222-PATHFIT4,S 01:00PM-03:00PM,G-302
BSBA2_HRM,BSBA HRM 2-BSBA2_HRM,HR222-LLL,S 08:00AM-11:00AM,FH-206
BSBA2_HRM,BSBA HRM 2-BSBA2_HRM,HR311-RAS,M/W 04:00PM-05:30PM/04:00PM-05:30PM,FH-305
BA3_HRM,BSBA HRM 3-BA3_HRM,AE311-TAX,S 12:00PM-03:00PM,TBA
BA3_HRM,BSBA HRM 3-BA3_HRM,BA411-ELECT3J,S 06:00PM-09:00PM,FH-203
BA3_HRM,BSBA HRM 3-BA3_HRM,HR322-LRN,S 03:00PM-06:00PM,FH-203
BA3_HRM,BSBA HRM 3-BA3_HRM,HR323-ORGDEV,M/W 04:00PM-05:30PM/04:00PM-05:30PM,FH-304
BA3_HRM,BSBA HRM 3-BA3_HRM,HR411-STHRM,M/W 02:30PM-04:00PM/02:30PM-04:00PM,FH-304
BA3_HRM,BSBA HRM 3-BA3_HRM,MM412-IMC,F 03:00PM-06:00PM,TBA
BSBA4_HRM,BSBA HRM 4-BSBA4_HRM,BA421-INTERN,M/W 06:00PM-09:00PM/06:00PM-09:00PM,FH-208
EIB,BSBA HRM 4-EIB,AE418-EIB,S 08:00AM-11:00AM,FH-207
BSBA1_FMA,BSBA-FM 1-BSBA1_FMA,BA121-GGSR,S 12:00PM-03:00PM,FH-202
BSBA1_FMA,BSBA-FM 1-BSBA1_FMA,BA122-HRM,T/TH 01:00PM-02:30PM/01:00PM-02:30PM,FH-202
BSBA1_FMA,BSBA-FM 1-BSBA1_FMA,GE103-FIL,S 03:00PM-06:00PM,FH-202
BSBA1_FMA,BSBA-FM 1-BSBA1_FMA,GE109-STS,T/TH 09:00AM-10:30AM/09:00AM-10:30AM,FH-205
BSBA1_FMA,BSBA-FM 1-BSBA1_FMA,GE110-UTS,T/TH 07:30AM-09:00AM/07:30AM-09:00AM,FH-205
BSBA1_FMA,BSBA-FM 1-BSBA1_FMA,GE122-PATHFIT2,F 10:00AM-12:00PM,GYM
BSBA1_FMA,BSBA-FM 1-BSBA1_FMA,LTS2,S 08:00AM-11:00AM,TBA
BSBA1_FMB,BSBA-FM 1-BSBA1_FMB,BA121-GGSR,T/TH 04:00PM-05:30PM/04:00PM-05:30PM,FH-206
BSBA1_FMB,BSBA-FM 1-BSBA1_FMB,BA122-HRM,F 08:00AM-11:00AM,FH-201
BSBA1_FMB,BSBA-FM 1-BSBA1_FMB,CWS2,S 12:00PM-03:00PM,TBA
BSBA1_FMB,BSBA-FM 1-BSBA1_FMB,GE103-FIL,M/W 02:30PM-04:00PM/02:30PM-04:00PM,FH-303
BSBA1_FMB,BSBA-FM 1-BSBA1_FMB,GE109-STS,M/W 04:00PM-05:30PM/04:00PM-05:30PM,FH-303
BSBA1_FMB,BSBA-FM 1-BSBA1_FMB,GE110-UTS,T/TH 02:30PM-04:00PM/02:30PM-04:00PM,FH-305
BSBA1_FMB,BSBA-FM 1-BSBA1_FMB,GE122-PATHFIT2,S 10:00AM-12:00PM,G-301
BSBA2_FMA,BSBA-FM 2-BSBA2_FMA,BA123-IBAT,M/W 09:00AM-10:30AM/09:00AM-10:30AM,FH-207
BSBA2_FMA,BSBA-FM 2-BSBA2_FMA,BA311-ELECT1G,T/TH 04:00PM-05:30PM/04:00PM-05:30PM,FH-208
BSBA2_FMA,BSBA-FM 2-BSBA2_FMA,BA321-ELECT2L,M/W 10:30AM-12:00PM/10:30AM-12:00PM,FH-207
BSBA2_FMA,BSBA-FM 2-BSBA2_FMA,FM221-BAFI,T/TH 01:00PM-02:30PM/01:00PM-02:30PM,FH-206
BSBA2_FMA,BSBA-FM 2-BSBA2_FMA,FM321-CAC,T/TH 02:30PM-04:00PM/02:30PM-04:00PM,FH-306
BSBA2_FMA,BSBA-FM 2-BSBA2_FMA,GE105-MATH,M/W 07:30AM-09:00AM/07:30AM-09:00AM,FH-207
BSBA2_FMA,BSBA-FM 2-BSBA2_FMA,GE222-PATHFIT4,S 10:00AM-12:00PM,G-302
BSBA3_FMA,BSBA-FM 3-BSBA3_FMA,AE311-TAX,S 12:00PM-03:00PM,FH-207
BSBA3_FMA,BSBA-FM 3-BSBA3_FMA,BA411-ELECT3J,M/W 01:00PM-02:30PM/01:00PM-02:30PM,FH-206
BSBA3_FMA,BSBA-FM 3-BSBA3_FMA,FM212-FINMGT,M/W 02:30PM-04:00PM/02:30PM-04:00PM,FH-205
BSBA3_FMA,BSBA-FM 3-BSBA3_FMA,FM321-CM,T/TH 10:30AM-12:00PM/10:30AM-12:00PM,FH-205
BSBA3_FMA,BSBA-FM 3-BSBA3_FMA,FM411-STFM,T/TH 01:00PM-02:30PM/01:00PM-02:30PM,FH-207
BSBA3_FMA,BSBA-FM 3-BSBA3_FMA,MM412-IMC,F 12:00PM-03:00PM,FH-203
PETITION_GE104FIL,BSBA-FM 3-PETITION_GE104FIL,GE104-FIL,M/W 05:30PM-07:00PM/05:30PM-07:00PM,FH-208
PETITION_RESEARCH,BSBA-FM 3-PETITION_RESEARCH,BA221-RSRCH,M/W 07:00PM-08:30PM/07:00PM-08:30PM,FH-207
BSBA4_FM,BSBA-FM 4-BSBA4_FM,BA421-INTERN,M/W 06:00PM-09:00PM/06:00PM-09:00PM,TBA
PETITION_BIA,BSBA-FM 4-PETITION_BIA,AE419-BIA,F 08:00AM-01:00PM,210
BSBA1_MMA,BSBA-MM 1-BSBA1_MMA,BA121-GGSR,T/TH 01:00PM-02:30PM/01:00PM-02:30PM,FH-205
BSBA1_MMA,BSBA-MM 1-BSBA1_MMA,BA122-HRM,T/TH 02:30PM-04:00PM/02:30PM-04:00PM,FH-304
BSBA1_MMA,BSBA-MM 1-BSBA1_MMA,CWS2,S 12:00PM-03:00PM,TBA
BSBA1_MMA,BSBA-MM 1-BSBA1_MMA,GE103-FIL,M/W 07:30AM-09:00AM/07:30AM-09:00AM,FH-203
BSBA1_MMA,BSBA-MM 1-BSBA1_MMA,GE109-STS,M/W 09:00AM-10:30AM/09:00AM-10:30AM,FH-206
BSBA1_MMA,BSBA-MM 1-BSBA1_MMA,GE110-UTS,M/W 10:30AM-12:00PM/10:30AM-12:00PM,FH-206
BSBA1_MMA,BSBA-MM 1-BSBA1_MMA,GE122-PATHFIT2,S 08:00AM-10:00AM,G-301
BSBA1_MMB,BSBA-MM 1-BSBA1_MMB,BA121-GGSR,T/TH 04:00PM-05:30PM/04:00PM-05:30PM,TBA
BSBA1_MMB,BSBA-MM 1-BSBA1_MMB,BA122-HRM,F 08:00AM-11:00AM,TBA
BSBA1_MMB,BSBA-MM 1-BSBA1_MMB,CWS2,S 12:00PM-03:00PM,TBA
BSBA1_MMB,BSBA-MM 1-BSBA1_MMB,GE103-FIL,M/W 02:30PM-04:00PM/02:30PM-04:00PM,TBA
BSBA1_MMB,BSBA-MM 1-BSBA1_MMB,GE109-STS,M/W 04:00PM-05:30PM/04:00PM-05:30PM,TBA
BSBA1_MMB,BSBA-MM 1-BSBA1_MMB,GE110-UTS,T/TH 02:30PM-04:00PM/02:30PM-04:00PM,TBA
BSBA1_MMB,BSBA-MM 1-BSBA1_MMB,GE122-PATHFIT2,S 10:00AM-12:00PM,TBA
BSBA2_MMA,BSBA-MM 2-BSBA2_MMA,BA123-IBAT,M/W 05:30PM-07:00PM/05:30PM-07:00PM,FH-206
BSBA2_MMA,BSBA-MM 2-BSBA2_MMA,BA311-ELECT1G,T/TH 10:30AM-12:00PM/10:30AM-12:00PM,FH-207
BSBA2_MMA,BSBA-MM 2-BSBA2_MMA,BA321-ELECT2L,S 12:00PM-03:00PM,FH-206
BSBA2_MMA,BSBA-MM 2-BSBA2_MMA,GE105-MATH,T/TH 09:00AM-10:30AM/09:00AM-10:30AM,FH-207
BSBA2_MMA,BSBA-MM 2-BSBA2_MMA,GE222-PATHFIT4,S 10:00AM-12:00PM,G-302
BSBA2_MMA,BSBA-MM 2-BSBA2_MMA,MM211-MKTGRES,S 03:00PM-06:00PM,FH-206
BSBA2_MMA,BSBA-MM 2-BSBA2_MMA,MM312-PRODMGT,M/W 07:00PM-08:30PM/07:00PM-08:30PM,FH-206
BSBA3_MMA,BSBA-MM 3-BSBA3_MMA,AE311-TAX,S 03:00PM-06:00PM,FH-201
BSBA3_MMA,BSBA-MM 3-BSBA3_MMA,BA411-ELECT3J,S 06:00PM-09:00PM,FH-201
BSBA3_MMA,BSBA-MM 3-BSBA3_MMA,MM322-DISMGT,F 06:00PM-09:00PM,FH-203
BSBA3_MMA,BSBA-MM 3-BSBA3_MMA,MM322-PRICSTRA,M/W 09:00AM-10:30AM/09:00AM-10:30AM,FH-208
BSBA3_MMA,BSBA-MM 3-BSBA3_MMA,MM411-RETMGT,M/W 10:30AM-12:00PM/10:30AM-12:00PM,FH-208
BSBA3_MMA,BSBA-MM 3-BSBA3_MMA,MM412-IMC,F 03:00PM-06:00PM,FH-203
BSBA4_MM,BSBA-MM 4-BSBA4_MM,BA421-INTERN,T/TH 06:00PM-09:00PM/06:00PM-09:00PM,TBA
BSBA1_OM,BSBA-OM 1-BSBA1_OM,BA121-GGSR,T/TH 10:30AM-12:00PM/10:30AM-12:00PM,TBA
BSBA1_OM,BSBA-OM 1-BSBA1_OM,BA122-HRM,T/TH 09:00AM-10:30AM/09:00AM-10:30AM,TBA
BSBA1_OM,BSBA-OM 1-BSBA1_OM,CWS2,S 12:00PM-03:00PM,TBA
BSBA1_OM,BSBA-OM 1-BSBA1_OM,GE103-FIL,M/W 04:00PM-05:30PM/04:00PM-05:30PM,TBA
BSBA1_OM,BSBA-OM 1-BSBA1_OM,GE109-STS,M/W 01:00PM-02:30PM/01:00PM-02:30PM,TBA
BSBA1_OM,BSBA-OM 1-BSBA1_OM,GE110-UTS,M/W 02:30PM-04:00PM/02:30PM-04:00PM,TBA
BSBA1_OM,BSBA-OM 1-BSBA1_OM,GE122-PATHFIT2,M/W 10:00AM-12:00PM/10:00AM-12:00PM,TBA
BSBA2_OM,BSBA-OM 2-BSBA2_OM,BA123-IBAT,T/TH 04:00PM-05:30PM/04:00PM-05:30PM,TBA
BSBA2_OM,BSBA-OM 2-BSBA2_OM,BA311-ELECT1G,T/TH 05:30PM-07:00PM/05:30PM-07:00PM,TBA
BSBA2_OM,BSBA-OM 2-BSBA2_OM,BA321-ELECT2A,M/W 01:00PM-02:30PM/01:00PM-02:30PM,TBA
BSBA2_OM,BSBA-OM 2-BSBA2_OM,GE105-MATH,M/W 02:30PM-04:00PM/02:30PM-04:00PM,TBA
BSBA2_OM,BSBA-OM 2-BSBA2_OM,GE222-PATHFIT4,S 01:00PM-03:00PM,TBA
BSBA2_OM,BSBA-OM 2-BSBA2_OM,OM211-EMS,S 06:00PM-09:00PM,FH-202
BSBA2_OM,BSBA-OM 2-BSBA2_OM,OM221-IMAC,T/TH 07:00PM-08:30PM/07:00PM-08:30PM,FH-201
BSBA3_OM,BSBA-OM 3-BSBA3_OM,AE311-TAX,S 03:00PM-06:00PM,TBA
BSBA3_OM,BSBA-OM 3-BSBA3_OM,BA411-ELECT3J,M/W 01:00PM-02:30PM/01:00PM-02:30PM,TBA
BSBA3_OM,BSBA-OM 3-BSBA3_OM,MM412-IMC,F 12:00PM-03:00PM,TBA
BSBA3_OM,BSBA-OM 3-BSBA3_OM,OM311-CAP,M/W 10:30AM-12:00PM/10:30AM-12:00PM,FH-302
BSBA3_OM,BSBA-OM 3-BSBA3_OM,OM322-LM,S 08:00AM-11:00AM,FH-205
BSBA3_OM,BSBA-OM 3-BSBA3_OM,OM411-STOM,M/W 02:30PM-04:00PM/02:30PM-04:00PM,FH-305
BSBA4_OM,BSBA-OM 4-BSBA4_OM,BA421-INTERN,T/TH 06:00PM-09:00PM/06:00PM-09:00PM,TBA
BSED1_ENGLISH,BSED-ENGLISH 1-BSED1_ENGLISH,ED121-FLCT,S 12:00PM-03:00PM,TBA
BSED1_ENGLISH,BSED-ENGLISH 1-BSED1_ENGLISH,EE121-LCS,T/TH 04:00PM-05:30PM/04:00PM-05:30PM,FH-202
BSED1_ENGLISH,BSED-ENGLISH 1-BSED1_ENGLISH,EE122-PTLAL,T/TH 02:30PM-04:00PM/02:30PM-04:00PM,FH-202
BSED1_ENGLISH,BSED-ENGLISH 1-BSED1_ENGLISH,GE105-MATH,M/W 09:00AM-10:30AM/09:00AM-10:30AM,TBA
BSED1_ENGLISH,BSED-ENGLISH 1-BSED1_ENGLISH,GE122-HIST,M/W 10:30AM-12:00PM/10:30AM-12:00PM,TBA
BSED1_ENGLISH,BSED-ENGLISH 1-BSED1_ENGLISH,GE122-PATHFIT2,M 01:00PM-03:00PM,TBA
BSED1_ENGLISH,BSED-ENGLISH 1-BSED1_ENGLISH,GE125-PIID,M/W 07:30AM-09:00AM/07:30AM-09:00AM,TBA
BSED1_ENGLISH,BSED-ENGLISH 1-BSED1_ENGLISH,LTS2,S 08:00AM-11:00AM,TBA
BSED2_ENGLISH,BSED-ENGLISH 2-BSED2_ENGLISH,EE223-LPPMS,M/W 02:30PM-04:00PM/02:30PM-04:00PM,FH-202
BSED2_ENGLISH,BSED-ENGLISH 2-BSED2_ENGLISH,EE223-SPA,T/TH 05:30PM-07:00PM/05:30PM-07:00PM,FH-203
BSED2_ENGLISH,BSED-ENGLISH 2-BSED2_ENGLISH,EE224-SEAL,M/W 04:00PM-05:30PM/04:00PM-05:30PM,FH-202
BSED2_ENGLISH,BSED-ENGLISH 2-BSED2_ENGLISH,EE224-SPLE,T/TH 02:30PM-04:00PM/02:30PM-04:00PM,FH-203
BSED2_ENGLISH,BSED-ENGLISH 2-BSED2_ENGLISH,EE226-TAM,T/TH 04:00PM-05:30PM/04:00PM-05:30PM,FH-203
BSED2_ENGLISH,BSED-ENGLISH 2-BSED2_ENGLISH,EE227-TAG,M/W 05:30PM-07:00PM/05:30PM-07:00PM,FH-202
BSED2_ENGLISH,BSED-ENGLISH 2-BSED2_ENGLISH,EE322-CW,T/TH 01:00PM-02:30PM/01:00PM-02:30PM,FH-203
BSED2_ENGLISH,BSED-ENGLISH 2-BSED2_ENGLISH,GE222-PATHFIT4,TH 10:00AM-12:00PM,GYM
BSED3_ENGLISH,BSED-ENGLISH 3-BSED3_ENGLISH,ED321-BENL,M/W 02:30PM-04:00PM/02:30PM-04:00PM,FH-204
BSED3_ENGLISH,BSED-ENGLISH 3-BSED3_ENGLISH,ED322-AL2,S 08:00AM-11:00AM,FH-201
BSED3_ENGLISH,BSED-ENGLISH 3-BSED3_ENGLISH,ED324-TTL2,T/TH 02:30PM-04:00PM/02:30PM-04:00PM,FH-206
BSED3_ENGLISH,BSED-ENGLISH 3-BSED3_ENGLISH,EE221-LER,T/TH 04:00PM-05:30PM/04:00PM-05:30PM,FH-205
BSED3_ENGLISH,BSED-ENGLISH 3-BSED3_ENGLISH,EE321-CJ,S 03:00PM-06:00PM,FH-202
BSED3_ENGLISH,BSED-ENGLISH 3-BSED3_ENGLISH,EE323-LC,M/W 04:00PM-05:30PM/04:00PM-05:30PM,FH-205
BSED3_ENGLISH,BSED-ENGLISH 3-BSED3_ENGLISH,EE325-TALS,S 12:00PM-03:00PM,FH-202
BSED3_ENGLISH,BSED-ENGLISH 3-BSED3_ENGLISH,EE326-SDA,M/W 05:30PM-07:00PM/05:30PM-07:00PM,TBA
BSED4_ENGLISH,BSED-ENGLISH 4-BSED4_ENGLISH,ED421-INTERN,M/W 06:00PM-09:00PM/06:00PM-09:00PM,TBA
BSED4_SCIENCE,BSED-SCIE 4-BSED4_SCIENCE,ED421-INTERN,M/W 06:00PM-09:00PM/06:00PM-09:00PM,TBA
BSHM_1A,BSHM 1-BSHM_1A,A132-ITAPPS,T/TH 10:00AM-12:30PM/10:00AM-12:30PM,208
BSHM_1A,BSHM 1-BSHM_1A,CWS2,S 12:00PM-03:00PM,TBA
BSHM_1A,BSHM 1-BSHM_1A,GE122-PATHFIT2,S 03:00PM-05:00PM,QUAD
BSHM_1A,BSHM 1-BSHM_1A,GE213-FIL3,M/W 09:00AM-10:30AM/09:00AM-10:30AM,FH-203
BSHM_1A,BSHM 1-BSHM_1A,HM121-TRSM1,M/W 07:30AM-09:00AM/07:30AM-09:00AM,FH-203
BSHM_1A,BSHM 1-BSHM_1A,HM122-TRSM2,M/W 10:30AM-12:00PM/10:30AM-12:00PM,FH-203
BSHM_1A,BSHM 1-BSHM_1A,HM123-KEBFP,T/TH 07:30AM-10:00AM/07:30AM-10:00AM,HRM LAB1
BSHM_1A_ITAPPS,BSHM 1-BSHM_1A_ITAPPS,A132-ITAPPS,F 08:00AM-01:00PM,206
BSHM_1A_KEBFP,BSHM 1-BSHM_1A_KEBFP,HM123-KEBFP,T/TH 10:00AM-12:30PM/10:00AM-12:30PM,HRM LAB1
BSHM_1B,BSHM 1-BSHM_1B,A132-ITAPPS,F 08:00AM-01:00PM,208
BSHM_1B,BSHM 1-BSHM_1B,CWS2,S 12:00PM-03:00PM,TBA
BSHM_1B,BSHM 1-BSHM_1B,GE122-PATHFIT2,S 03:00PM-05:00PM,G-302
BSHM_1B,BSHM 1-BSHM_1B,GE213-FIL3,T/TH 10:30AM-12:00PM/10:30AM-12:00PM,FH-203
BSHM_1B,BSHM 1-BSHM_1B,HM121-TRSM1,M/W 09:00AM-10:30AM/09:00AM-10:30AM,FH-203
BSHM_1B,BSHM 1-BSHM_1B,HM122-TRSM2,M/W 10:30AM-12:00PM/10:30AM-12:00PM,FH-203
BSHM_1B,BSHM 1-BSHM_1B,HM123-KEBFP,T/TH 01:30PM-04:00PM/01:30PM-04:00PM,HRM LAB1
BSHM_1B_ITAPPS,BSHM 1-BSHM_1B_ITAPPS,A132-ITAPPS,T/TH 01:30PM-04:00PM/01:30PM-04:00PM,210
BSHM_1B_KEBFP,BSHM 1-BSHM_1B_KEBFP,HM123-KEBFP,T/TH 04:00PM-06:30PM/04:00PM-06:30PM,HRM LAB1
BSHM_1C,BSHM 1-BSHM_1C,A132-ITAPPS,T/TH 04:00PM-06:30PM/04:00PM-06:30PM,208
BSHM_1C,BSHM 1-BSHM_1C,CWS2,S 12:00PM-03:00PM,TBA
BSHM_1C,BSHM 1-BSHM_1C,GE122-PATHFIT2,F 01:00PM-03:00PM,G-301
BSHM_1C,BSHM 1-BSHM_1C,GE213-FIL3,F 03:00PM-06:00PM,FH-204
BSHM_1C,BSHM 1-BSHM_1C,HM121-TRSM1,F 08:00AM-11:00AM,FH-202
BSHM_1C,BSHM 1-BSHM_1C,HM122-TRSM2,T/TH 02:30PM-04:00PM/02:30PM-04:00PM,FH-308
BSHM_1C,BSHM 1-BSHM_1C,HM123-KEBFP,T/TH 10:00AM-12:30PM/10:00AM-12:30PM,FH-208
BSHM_1C_ITAPPS,BSHM 1-BSHM_1C_ITAPPS,A132-ITAPPS,M/W 10:00AM-12:30PM/10:00AM-12:30PM,206
BSHM_1C_KEBFP,BSHM 1-BSHM_1C_KEBFP,HM123-KEBFP,T/TH 07:30AM-10:00AM/07:30AM-10:00AM,FH-208
BSHM_1D,BSHM 1-BSHM_1D,A132-ITAPPS,M/W 10:00AM-12:30PM/10:00AM-12:30PM,208
BSHM_1D,BSHM 1-BSHM_1D,CWS2,S 12:00PM-03:00PM,TBA
BSHM_1D,BSHM 1-BSHM_1D,GE122-PATHFIT2,S 03:00PM-05:00PM,TBA
BSHM_1D,BSHM 1-BSHM_1D,GE213-FIL3,S 08:00AM-11:00AM,TBA
BSHM_1D,BSHM 1-BSHM_1D,HM121-TRSM1,M/W 02:30PM-04:00PM/02:30PM-04:00PM,FH-306
BSHM_1D,BSHM 1-BSHM_1D,HM122-TRSM2,M/W 01:00PM-02:30PM/01:00PM-02:30PM,FH-306
BSHM_1D,BSHM 1-BSHM_1D,HM123-KEBFP,T/TH 04:00PM-06:30PM/04:00PM-06:30PM,FH-306
BSHM_2A,BSHM 2-BSHM_2A,GE110-UTS,M/W 07:30AM-09:00AM/07:30AM-09:00AM,FH-204
BSHM_2A,BSHM 2-BSHM_2A,GE214-RIZAL,S 08:00AM-11:00AM,FH-203
BSHM_2A,BSHM 2-BSHM_2A,GE222-PATHFIT4,S 01:00PM-03:00PM,GYM
BSHM_2A,BSHM 2-BSHM_2A,HM221-ABTT,M/W 01:00PM-03:00PM/01:00PM-03:00PM,210
BSHM_2A,BSHM 2-BSHM_2A,HM224-SMTQM,T/TH 02:30PM-04:00PM/02:30PM-04:00PM,FH-301
BSHM_2A,BSHM 2-BSHM_2A,HM225-ELECT2,M/W 09:30AM-11:30AM/09:30AM-11:30AM,FH-204
BSHM_2A,BSHM 2-BSHM_2A,HM225-ELECT3,T/TH 07:30AM-10:00AM/07:30AM-10:00AM,FH-203
BSHM_2A_ABTT,BSHM 2-BSHM_2A_ABTT,HM221-ABTT,M/W 05:00PM-07:00PM/05:00PM-07:00PM,208
BSHM_2A_ELECT2,BSHM 2-BSHM_2A_ELECT2,HM225-ELECT2,M/W 03:00PM-05:00PM/03:00PM-05:00PM,FH-302
BSHM_2A_ELECT3,BSHM 2-BSHM_2A_ELECT3,HM225-ELECT3,T/TH 10:00AM-12:30PM/10:00AM-12:30PM,FH-204
BSHM_2B,BSHM 2-BSHM_2B,GE110-UTS,T/TH 07:30AM-09:00AM/07:30AM-09:00AM,FH-201
BSHM_2B,BSHM 2-BSHM_2B,GE214-RIZAL,S 12:00PM-03:00PM,FH-205
BSHM_2B,BSHM 2-BSHM_2B,GE222-PATHFIT4,S 10:00AM-12:00PM,GYM
BSHM_2B,BSHM 2-BSHM_2B,HM221-ABTT,M/W 01:00PM-03:00PM/01:00PM-03:00PM,211
BSHM_2B,BSHM 2-BSHM_2B,HM224-SMTQM,T/TH 09:00AM-10:30AM/09:00AM-10:30AM,FH-201
BSHM_2B,BSHM 2-BSHM_2B,HM225-ELECT2,M/W 09:30AM-11:30AM/09:30AM-11:30AM,FH-301
BSHM_2B,BSHM 2-BSHM_2B,HM225-ELECT3,T/TH 01:30PM-04:00PM/01:30PM-04:00PM,FH-302
BSHM_2B_ABTT,BSHM 2-BSHM_2B_ABTT,HM221-ABTT,M/W 05:00PM-07:00PM/05:00PM-07:00PM,210
BSHM_2B_ELECT2,BSHM 2-BSHM_2B_ELECT2,HM225-ELECT2,M/W 03:00PM-05:00PM/03:00PM-05:00PM,FH-301
BSHM_2B_ELECT3,BSHM 2-BSHM_2B_ELECT3,HM225-ELECT3,T/TH 04:00PM-06:30PM/04:00PM-06:30PM,FH-201
BSHM_3A,BSHM 3-BSHM_3A,EC312-FL2,M/W 10:30AM-12:00PM/10:30AM-12:00PM,TBA
BSHM_3A,BSHM 3-BSHM_3A,GE109-STS,M/W 02:30PM-04:00PM/02:30PM-04:00PM,FH-208
BSHM_3A,BSHM 3-BSHM_3A,GE212-ETHICS,M/W 04:00PM-05:30PM/04:00PM-05:30PM,FH-208
BSHM_3A,BSHM 3-BSHM_3A,HM323-TRSM3,F 12:00PM-03:00PM,FH-201
BSHM_3A,BSHM 3-BSHM_3A,HM324-TRSM4,F 03:00PM-06:00PM,FH-201
BSHM_3A,BSHM 3-BSHM_3A,HM325-RH,T/TH 09:30AM-11:30AM/09:30AM-11:30AM,FH-303
BSHM_3A,BSHM 3-BSHM_3A,HM327-ELECT6,T/TH 01:30PM-04:00PM/01:30PM-04:00PM,FH-303
BSHM_3A_HM325_RH,BSHM 3-BSHM_3A_HM325_RH,HM325-RH,T/TH 07:30AM-09:30AM/07:30AM-09:30AM,FH-303
BSHM_3A_HM327_ELECT6,BSHM 3-BSHM_3A_HM327_ELECT6,HM327-ELECT6,T/TH 04:00PM-06:30PM/04:00PM-06:30PM,FH-303
BSHM_4A,BSHM 4-BSHM_4A,HM421-PRACT,M/W 06:00PM-09:00PM/06:00PM-09:00PM,FH-205
BSIS_1,BSIS 1-BSIS_1,CS222-DBMS1,T/TH 07:30AM-10:00AM/07:30AM-10:00AM,208
BSIS_1,BSIS 1-BSIS_1,CWS2,S 12:00PM-03:00PM,QUAD
BSIS_1,BSIS 1-BSIS_1,GE100-AA,M/W 02:30PM-04:00PM/02:30PM-04:00PM,FH-206
BSIS_1,BSIS 1-BSIS_1,GE105-MATH,M/W 01:00PM-02:30PM/01:00PM-02:30PM,TBA
BSIS_1,BSIS 1-BSIS_1,GE128-PE2,S 03:00PM-05:00PM,G-301
BSIS_1,BSIS 1-BSIS_1,GE213-FIL3,M/W 04:00PM-05:30PM/04:00PM-05:30PM,FH-207
BSIS_1,BSIS 1-BSIS_1,IS111-DSA,T/TH 01:00PM-02:30PM/01:00PM-02:30PM,FH-209
BSIS_1,BSIS 1-BSIS_1,IS121-COPROG2,T/TH 04:00PM-06:30PM/04:00PM-06:30PM,206
BSIS_1,BSIS 1-BSIS_1,IS214-DISMATH,T/TH 02:30PM-04:00PM/02:30PM-04:00PM,FH-209
BSIS_2,BSIS 2-BSIS_2,CC022-APPDEV,M/W 07:00PM-08:30PM/07:00PM-08:30PM,FH-207
BSIS_2,BSIS 2-BSIS_2,GE108-PC,S 08:00AM-11:00AM,FH-202
BSIS_2,BSIS 2-BSIS_2,GE122-HIST,S 03:00PM-06:00PM,TBA
BSIS_2,BSIS 2-BSIS_2,GE222-PE4,F 01:00PM-03:00PM,GYM
BSIS_2,BSIS 2-BSIS_2,IS221-FBA,S 12:00PM-03:00PM,FH-203
BSIS_2,BSIS 2-BSIS_2,IS222-WEBDEV,T/TH 07:30AM-10:00AM/07:30AM-10:00AM,210
BSIS_2,BSIS 2-BSIS_2,IS224-ISSMA,M/W 05:30PM-07:00PM/05:30PM-07:00PM,FH-207
BSIS_2,BSIS 2-BSIS_2,IS225-EBP,M/W 04:00PM-05:30PM/04:00PM-05:30PM,FH-207
IS 413,BSIS 3-IS 413,IS413-ISINNOV,S 06:00PM-09:00PM,FH-204
BSIS_4,BSIS 4-BSIS_4,IS421-PRACTICUM,T/TH 06:00PM-09:00PM/06:00PM-09:00PM,FH-204
BSMA_1A,BSMA 1-BSMA_1A,A132-ITAPPS,F 02:00PM-07:00PM,TBA
BSMA_1A,BSMA 1-BSMA_1A,AE100-CFAS,F 08:00AM-11:00AM,TBA
BSMA_1A,BSMA 1-BSMA_1A,AE123-LOC,T/TH 05:30PM-07:00PM/05:30PM-07:00PM,TBA
BSMA_1A,BSMA 1-BSMA_1A,GE100-AA,T/TH 09:00AM-10:30AM/09:00AM-10:30AM,TBA
BSMA_1A,BSMA 1-BSMA_1A,GE122-HIST,S 03:00PM-06:00PM,TBA
BSMA_1A,BSMA 1-BSMA_1A,GE122-PATHFIT2,S 01:00PM-03:00PM,TBA
BSMA_1A,BSMA 1-BSMA_1A,GE214-RIZAL,T/TH 02:30PM-04:00PM/02:30PM-04:00PM,TBA
BSMA_1A,BSMA 1-BSMA_1A,LTS2,S 08:00AM-11:00AM,TBA
ELECTIVE 1,BSMA 1-ELECTIVE 1,GE121-ELECT1,F 08:00AM-11:00AM,305
BSMA_2A,BSMA 2-BSMA_2A,AE121-CAC,T/TH 01:00PM-02:30PM/01:00PM-02:30PM,TBA
BSMA_2A,BSMA 2-BSMA_2A,AE133-ME,M/W 09:00AM-10:30AM/09:00AM-10:30AM,302
BSMA_2A,BSMA 2-BSMA_2A,AE223-BT,M/W 02:30PM-04:00PM/02:30PM-04:00PM,TBA
BSMA_2A,BSMA 2-BSMA_2A,AE224-IA3,M/W 07:00PM-08:30PM/07:00PM-08:30PM,302
BSMA_2A,BSMA 2-BSMA_2A,AE226-RFLI,T/TH 05:30PM-07:00PM/05:30PM-07:00PM,TBA
BSMA_2A,BSMA 2-BSMA_2A,AE325-GBERMIC,T/TH 07:00PM-08:30PM/07:00PM-08:30PM,TBA
BSMA_2A,BSMA 2-BSMA_2A,GE109-STS,M/W 01:00PM-02:30PM/01:00PM-02:30PM,TBA
BSMA_2A,BSMA 2-BSMA_2A,GE222-PE4,F 01:00PM-03:00PM,TBA
BSMA_2A,BSMA 2-BSMA_2A,GE223-TCW,M/W 04:00PM-05:30PM/04:00PM-05:30PM,TBA
PMS,BSMA 2-PMS,MA323-PMS,F 06:00PM-09:00PM,303
SSA,BSMA 2-SSA,MA411-SSA,M/W 05:30PM-07:00PM/05:30PM-07:00PM,302
BSMA_3A,BSMA 3-BSMA_3A,AE214-SCM,S 12:00PM-03:00PM,TBA
BSMA_3A,BSMA 3-BSMA_3A,AE221-ACGN,M/W 05:30PM-07:00PM/05:30PM-07:00PM,303
BSMA_3A,BSMA 3-BSMA_3A,AE225-FM,M/W 04:00PM-05:30PM/04:00PM-05:30PM,305
BSMA_3A,BSMA 3-BSMA_3A,AE233-VCM,F 12:00PM-03:00PM,TBA
BSMA_3A,BSMA 3-BSMA_3A,AE321-ARM,S 06:00PM-09:00PM,302
BSMA_3A,BSMA 3-BSMA_3A,AE324-ECONDEV,T/TH 09:00AM-10:30AM/09:00AM-10:30AM,TBA
BSMA_3A,BSMA 3-BSMA_3A,MA321-UMA,F 08:00AM-11:00AM,303
BSMA_3A,BSMA 3-BSMA_3A,MA322-STM,S 03:00PM-06:00PM,302
BSMA_3A,BSMA 3-BSMA_3A,MA323-PMS,M/W 07:00PM-08:30PM/07:00PM-08:30PM,303
CPE,CPE 1-CPE,ED421-INTERN,M/W 06:00PM-09:00PM/06:00PM-09:00PM,TBA
